x1,x2,x3,x4,x5,x6,y
-0.5028137575721534,0.2247434132554621,-1.0,-1.0,1.0,0.6725670089421815,5.057870342066681
0.4738252504132052,-0.3992089279284773,0.4104914564899162,-1.0,-1.0,-1.0,7.558430097174961
-0.5638157296137751,0.0006828331968738999,-0.3067034719079146,0.3866202625557046,1.0,0.6817377660840764,4.293092870835366
0.6500401569097201,-0.24203446308256638,1.0,1.0,1.0,0.6316552839520841,-4.678809663155986
-0.6736599394234677,0.17009489201861283,-0.7733750253904239,-0.8323512545600269,1.0,-0.28638684709603796,1.1370269698326996
0.7942425451034889,0.9566596976044899,0.34743262038154654,0.6300153726175337,-0.5111973976078888,-0.5216707757227199,2.642082596212659
0.46277943923576337,-0.08439565318484643,-1.0,0.08263280429790637,-1.0,-1.0,2.319002704347663
-0.6223453416408589,0.3710507973042829,-1.0,-1.0,-1.0,0.0688734103485707,-1.229597896548849
-1.0,-1.0,-1.0,-0.6406622938089048,-1.0,0.3942452753710562,-4.716841634338219
-0.9769777869288196,-0.26942668237109435,-0.5942102712084733,0.8991855861793012,-0.31145551273001276,0.14971908489550606,-2.1788086642677094
0.238083795188476,-0.4586348994261455,-1.0,0.6494728785117746,0.5393407786593535,0.38679402852400513,-0.1298657883498443
-0.2530373897602458,-0.707374170770942,-1.0,-1.0,0.4799399946744376,1.0,1.8224703505587052
1.0,0.20974600486341244,0.25566813635680363,0.6309789609284445,-0.3545914072036713,-1.0,6.60887527622512
-0.21250364121113696,-1.0,-1.0,-1.0,-1.0,-0.5226949018529783,2.11783534685605
-0.05911005451487161,-1.0,0.48063459785154,0.7671258962600832,-0.5130503608165217,-1.0,3.352336602249383
-0.55750216577096,-0.3387829288138611,-1.0,-1.0,-1.0,-0.8923222404640733,1.9578399836280345
0.005080982786035637,-0.8313359141726796,0.20380870639944437,0.7501373227563408,-1.0,-0.6049400113416303,3.265386853214245
0.6809076658650743,1.0,-0.060735845049388615,-0.1907168961381484,0.04674336997314654,0.4170977780969145,0.47820740836611886
-1.0,0.1507662573625987,-1.0,-0.6851224947340047,1.0,1.0,9.920458222568477
-0.188284764531783,0.5932570645049713,0.6051894522274555,0.1664136431256753,1.0,1.0,3.436616870659634
1.0,-1.0,-1.0,-0.19946331678982732,-0.34208012391068887,-0.08664036597736868,0.9199483789629019
-0.5006026136351696,-0.056131766420570384,-0.1271555739661936,-1.0,-0.5409600186931867,-0.2615422028965704,0.09047569348310905
0.3463384376423607,-0.4515647990407303,0.1556591657950921,0.03489066402557783,1.0,1.0,1.7176632892687875
-0.8374489312346423,-0.4863634494067679,-0.926238737728539,-0.9964098689710283,0.21841566489020148,0.08694793245379229,-3.211284601614979
-0.9959465570416972,-0.5944783044508539,-0.9574355920722374,-0.6006636635978259,-0.4678328939419717,1.0,3.644757139374655
-0.6791422077202927,-0.36010967958082174,-1.0,-1.0,0.17024996611146725,1.0,4.424377371694432
0.28720267312164394,-0.24330631433390187,1.0,-0.41726464530917107,-0.04559727273359082,0.7310493756121883,-1.6429772757640653
0.28943005832663105,0.5366856016721043,-0.3823768249505934,-0.03083844022782506,-0.164980617929123,-1.0,2.402530236855653
0.3844839942609081,1.0,-0.48281056365324304,0.020345400127638746,0.14303575115081446,-0.030881037822826973,1.3786307025520532
-1.0,-1.0,-1.0,-0.34235184569211663,1.0,0.5567823834882067,-4.226847318279521
-0.8763182009541222,-0.12169388272057896,0.3156259478837291,1.0,1.0,1.0,5.618185603043388
1.0,1.0,0.7532165307303957,1.0,-1.0,-0.25991348257616875,5.8860391484357715
0.026565910572168228,-1.0,0.19330377894232087,-0.9160645141670846,-1.0,-1.0,9.157471621480209
-0.06213276604845541,-0.3141706782553533,0.4954021253162808,-0.700556163759591,0.30555498213086096,-0.21433646216897984,0.7701735360898596
1.0,0.6436966726514177,0.20004871697462628,1.0,-0.4450078867762053,0.7993298419319828,2.5390787442983673
0.2023626943137391,1.0,1.0,1.0,0.11867072148005245,-1.0,-1.6565702425301023
0.5297130505616909,0.19409450671197626,0.9070085651126822,0.9991290195980089,0.22541279725368218,-0.25144903044381317,-1.4397263186491425
-1.0,-1.0,0.47186558321791017,-0.6522994261085149,-1.0,-0.7971180639229143,4.205092759845169
-0.18553941721636838,-0.7309629416221723,1.0,-1.0,0.009735509556041154,-0.5626947706517426,2.6633431891350217
-1.0,-1.0,-0.3082164734065702,-1.0,-0.3707354368088145,-1.0,3.429027563828978
1.0,-0.26568322197748245,0.3038327737064765,1.0,-0.4449383030991203,-0.7371821217741774,4.604003206226652
1.0,-0.1590350973031731,1.0,0.6983115883972955,0.39084075737296675,1.0,-4.239522130900312
0.13950664589662032,0.4967777502882047,0.8806048401895701,0.20769414462301872,-0.8428832994446899,-0.3333309366130316,0.10956573605253779
-0.5460754561137693,0.1807367162609047,-0.11914190398958135,-1.0,-0.6527971226858806,-1.0,-0.019062666241654647
1.0,0.9403224377685486,0.03913268665905423,1.0,-0.4224244287202853,1.0,4.590087188590153
-1.0,-0.5861049837346771,-0.2186304486475702,0.05861427479576231,-1.0,-0.8413762818463817,-0.8202711863746164
-0.4526216453502665,-0.6379781065871661,-0.9129068980368394,-1.0,0.19994038585469864,0.8947567326619799,1.2978466370077024
-0.16034900363335514,-1.0,-0.10742466294217978,-0.8412613624149028,0.2518371434745892,-0.7322303148974353,2.12231423294949
0.0838288479393714,0.8834692196130973,0.5830277369376367,1.0,-1.0,-1.0,4.906425011667065
-0.9509875286689808,-0.4972767361971737,-1.0,-1.0,0.3135101609380785,1.0,3.490367473257134
-0.6728934461085182,-0.10206101456714878,0.7551284561485695,0.0747226051222446,-1.0,-0.026235488503987048,-3.068443395652605
0.6868089589138614,-0.18446079481687883,0.46447816173178436,0.18131061534550125,-1.0,-1.0,6.367106072103534
0.0106967137854177,0.23817047039673356,-0.7915098485343606,-0.6679476897964194,1.0,1.0,6.210576776935951
1.0,1.0,-0.08958876576585095,-1.0,0.8966372254960457,0.6347768444814602,3.833274176879936
1.0,0.862874005156254,0.6469236971020651,0.6599682533910958,0.1585157974893705,1.0,-0.2399945322400041
0.05052707014774549,-0.9828087824691303,-0.9374487395919465,-0.03162851814357448,0.04428483909431846,0.7126124257577221,0.5294525710231884
0.6344298100412021,1.0,1.0,0.736725616654648,0.2903346181509031,0.04766107734909664,-4.900567493316805
-1.0,-0.6126611975636435,-0.48589858684254095,0.6055760277170539,-0.3966909108015022,-0.009693785429622348,-1.7600039344275686
-0.5225451459260803,0.11131493039797133,-0.36713140273768774,-1.0,1.0,0.7854066565831896,5.788718191096358
0.23004219737832,0.33321169506746506,-0.09874971917592357,1.0,-0.2875427681501307,1.0,3.5132747783052602
-1.0,-0.017854176010354827,-0.5167467219387394,-0.29960126794279307,-0.5311743492872776,0.45043688896049716,-1.581858747316374
1.0,0.5340244107951313,1.0,0.2724272496315805,0.14149770213711954,-0.11000186623036079,-0.506989577174923
1.0,0.3923145121729932,0.7813908822091374,0.943171562874221,-0.08120186633671289,0.19116530976012797,-1.156771282866716
-1.0,0.0718823019916412,-0.8549842111645839,0.04917975045548828,-0.7870456498255989,-0.4597813067198411,-1.9298383669986765
-1.0,-0.9593187964287988,-0.5848153055487342,-0.6608524893773284,-1.0,-0.5552374840088824,0.47734816671417085
0.0626033904224848,0.29397568022991205,-0.30027651539904804,0.34938925498340045,-1.0,-1.0,1.9369274655532425
-0.0388803780268632,0.344469646657936,0.31462454731191025,0.5271106424293579,-0.6816089167573738,-0.3890812481353455,0.7335597679302545
1.0,1.0,1.0,-0.199525567814395,-0.6561787163172743,-0.6264765983925011,0.8833395389397501
-0.7538368809977269,0.14228920074158913,-0.37339242122922867,-0.16310975904856284,0.5733651748043553,-0.03966946520132769,0.7405455720436633
-0.9552836128730069,-0.5551087266144588,-1.0,-1.0,-0.4965233896675322,-0.6032920725635532,0.14560097441187314
-0.12618962159039265,0.880452502083524,0.4828618620691294,1.0,0.1401956148590182,-0.1949251004151079,-0.8125298185683509
-0.5889193316980071,-1.0,0.3306353050463615,0.06421516302452501,0.1654058689289974,0.38724166405974914,0.734973562847635
-0.7553975019941594,-1.0,-0.17923203287136957,-0.4198014481094821,0.4111957350462132,0.9467542710334917,0.5287427860398263
-0.5706707847440728,0.3619906146129602,1.0,-0.4733917795070789,-0.12903347126345355,1.0,-1.5098104610011414
-0.18978286766880575,-0.6879014097418665,1.0,0.9294191424348321,-0.9233493263785741,-0.0974813460010785,-0.639080540630468
-0.5987572760201246,-1.0,-1.0,-1.0,-0.28782636368032016,0.3905593468847553,-4.705196463708481
0.2224682213723358,0.5274089295179711,0.8730183844221933,0.5718954018661111,-0.9078917765383682,0.9163949940741994,0.1261701018598423
-0.5180588685514333,0.9388858695977134,-0.9220870213082012,0.7635276173457168,0.00201812436912846,0.8941330436489213,6.578475802155743
0.3374612941444315,-0.641105492556336,-0.08786113342102114,-0.2257030235844658,0.3490501870231353,0.40468102580612686,-0.7036257869415874
-1.0,-1.0,-0.9131318801285226,-1.0,-1.0,0.28638707350516573,-3.031597504455678
0.412225289767471,-0.5120737438650698,0.9004217265700134,-0.6313885379074569,-0.6494190944248737,-0.40021642053688233,3.8205794686613883
-0.7206374939337827,-1.0,-0.5338816721706885,-1.0,1.0,1.0,0.8782982863608443
1.0,1.0,-0.4833562273887843,0.15486067310477059,1.0,0.8040998642307158,1.5539365011902335
1.0,0.9885364434379924,1.0,1.0,0.10732151491164621,-1.0,1.0034586321928451
-0.4386536703137801,-1.0,-0.08981770139085954,0.5858018906694524,0.3442283326232143,1.0,2.1053046175737036
0.3942077348123275,0.2690219829909255,-0.35144221616218463,0.16463292859732423,-0.29722719666595854,0.1323308080749359,0.24172493612330748
1.0,1.0,1.0,1.0,1.0,0.5700483409712538,-10.201728336293115
-1.0,-0.1190123236123739,-1.0,0.2509179895945903,-0.40492826583130165,0.7006211638461393,2.079224072248697
-0.6713837437757987,-0.8060810707511654,-1.0,-0.054168256483505095,-1.0,-0.8389825450698863,-1.8546387398150253
0.09056237441619741,1.0,1.0,1.0,1.0,0.11248530192708706,-6.1488640427395795
-0.9379578931494961,-1.0,-1.0,-1.0,1.0,1.0,-2.2804251060471157
-0.9760180867547232,-1.0,-1.0,-1.0,1.0,1.0,-0.7639307000867208
-0.6480258084763613,-0.19735117546430667,-1.0,-0.0948333653256126,-1.0,-1.0,1.2968981141153966
-1.0,-1.0,-0.5253816597091976,-0.555497246940357,1.0,1.0,2.701232701775576
-0.4781570775518368,0.48909539468073404,0.05772070132195825,-0.6151225543301801,0.9974496526948591,-0.29650309403784886,1.7065384328195137
-0.21693674763733517,-1.0,-0.6943608542682304,-1.0,-1.0,-1.0,6.326945487790727
-1.0,0.2001800389420253,-0.2613337268649427,-1.0,-0.805991169596113,-0.0317953590364502,-0.43832586645750415
-0.6730344628142915,0.4024593818413647,1.0,0.835880005665313,1.0,1.0,-0.1947954552196297
-0.3728199410046664,-1.0,-1.0,-1.0,0.34363464004169686,0.5716289544642742,-4.308231669719603
0.9549364794746211,1.0,-0.7173444935494508,0.018373003716649572,1.0,0.6539005133400349,1.9528635469841573
-1.0,-1.0,-1.0,-0.38923868705512604,-0.6452177351896973,-0.39277939068740836,-4.412049266565515
-1.0,-0.059120280686680626,-1.0,-1.0,-0.7302931309144098,-1.0,2.16792339452378
0.3458222441567267,-0.4113733014002159,0.1071879529627483,-0.6569949347875292,0.3101132526489563,-0.7118911171063249,1.6646408032830975
-0.41703104164392524,0.21653267751139538,0.12559945285415725,0.3571894752985392,0.45814976411483666,-0.15176825634089397,0.3771780022247831
0.45144290294389466,-0.9015656170007252,1.0,-1.0,-0.5832749111416797,-1.0,8.473589794486724
1.0,0.3538890211763783,0.5890919204113516,1.0,0.9008799158247642,1.0,-1.4470618777987472
-0.8836447108858025,0.6616877619443331,-0.5013999501853359,-0.8525381023201697,-1.0,-0.3652272807472031,-1.5318226598962061
0.934883315685608,-0.37712036923440606,-0.6026328104643117,-0.6886829208842649,0.22481767091242533,0.8729898878032514,-0.23571273006872662
1.0,0.45051521732075517,0.42705752491877536,0.8872810609014994,-1.0,0.6058900340405771,3.246986980075593
0.12742108788144713,1.0,-0.15560208459333846,1.0,-0.3765157626251573,-0.12985403783384486,1.2090234492668497
0.8026960646211861,0.6655293304702121,0.34835631540470924,1.0,0.341382848149702,-0.9596774349626955,2.9276788992847127
1.0,0.9777514348678618,0.8470812883888655,1.0,-1.0,-0.4189482013850975,6.649287266923606
0.10310874309212548,-1.0,-0.7730640401841145,-0.7390067765262185,-1.0,-1.0,5.440795094101711
-0.05878093799455264,-1.0,0.11422341957729831,0.46314612541846284,0.0845495027536931,1.0,2.4349449908735687
-0.9416713897238483,-1.0,-0.44579071127183156,-0.48328047471036734,-1.0,-0.38764297767952316,-0.4491634667098753
-0.22627346004788806,1.0,-0.10819793068410916,0.4640166409362835,-1.0,0.1327386009147084,0.11245189328537468
0.33638164247516245,0.9509635196752623,0.25398110984275657,0.6080215211465028,0.37294018567946763,0.5821408998254536,-1.426921183883291
0.9555900518970204,-0.6694081492395356,0.2550163385835794,0.36588008206689077,-0.907025599123187,-0.26078245178424786,4.40640539316839
0.6757499793618635,0.9471041024612652,0.6723016830271018,0.7420831905142367,0.06366411060283472,-1.0,3.175600076813495
1.0,1.0,0.7917365443282347,0.7186759372278659,-0.07990757591739084,-1.0,4.169300512441756
1.0,-0.8673670253103813,-0.030209883230391754,-1.0,0.0031538436843034368,0.24405107088544054,0.795533116602438
0.1389295842344334,0.4906972118702138,0.8342981269287535,-0.25446172029567893,-1.0,0.9885917058143626,2.0576399928862097
-1.0,-1.0,-0.2251181719280424,-0.20919548175179936,-1.0,1.0,-1.1409510138585914
-0.9044672326864744,0.16151500958184084,-0.34786106114058,-0.32531111461711193,-1.0,-1.0,-1.4884045649905868
-1.0,-0.8120754896820689,-0.765142255055903,0.9559609860133533,0.6420195692387612,0.28271824988579414,-2.373958035486479
0.5112371443134871,0.4915467365330647,0.4622778646381764,0.0771861509039487,0.24836218187024484,-0.09888753307747125,0.18901872599139785
-1.0,-0.871942643810879,-1.0,-1.0,1.0,0.045343745599992324,-6.65496483191429
-1.0,-1.0,-1.0,-0.836860180439118,0.7455460870675149,-0.6505454500450913,-3.2860490600443315
0.24719621821718346,1.0,0.2960029557091054,1.0,-1.0,-0.8452665618826275,5.585057143654245
1.0,0.5566072601716021,0.34564851710864786,1.0,0.33783296160626375,0.29551066664619985,-1.8010177729856196
1.0,0.9926960772226525,0.7284596433121364,1.0,-0.19470863181212927,0.2106276150647878,-1.1806277291142893
0.29231093190736374,-0.10507220161801423,0.4960529403391039,-1.0,-0.6180533183307442,-0.1257222558839941,1.4998184145756637
-1.0,-0.33441865202365917,0.32618806972142667,-1.0,-1.0,0.5996852440414399,-1.72324763005223
0.4279692983835791,0.4356891392711823,0.1178571282748393,-0.030454535573784025,-0.8220787092255857,-0.13435562685316382,0.15537099071189642
1.0,0.7323963806709999,-1.0,-0.9653720581215579,0.14200906411783076,-1.0,-1.2202375446811078
-0.07457053172373981,-0.3145530545524497,1.0,0.3201810503223896,-0.41793944202588684,-1.0,1.5835062052465785
-1.0,-0.2673951385587985,-0.9744877658856673,-0.8250467636406903,1.0,1.0,7.052023398294056
-1.0,-0.9171364295029063,0.2405211657613897,-1.0,-0.2181104441557281,1.0,-3.8204063898782126
0.052156932927245436,0.6179283207509307,-0.6015680127877578,0.2422057498848652,0.09684330595866247,0.7335244980455323,3.1441168909916937
0.9682303679670725,1.0,0.7468019704899631,0.7967534399745315,-0.24262940786417822,0.20334623960634152,-1.0701140226777395
-0.8933428667836774,-1.0,0.5539257369589541,-0.31019249644068486,0.22974062247863847,1.0,-0.19192671529931124
0.6311642829993532,0.02937928672405188,0.617211911512452,-0.12505452883938684,-0.5873070482670353,0.07882294314134497,1.1046002599610776
0.851688409192645,-0.6923693304645853,-0.28957334004986696,-0.044348693664410965,0.2332203583769098,-0.4736240398114653,0.8558131679045168
-1.0,-0.24079308222288187,-1.0,-1.0,0.005860275111705615,-0.6745747207816966,1.2188646880928968
0.06522212388525117,0.5201107917888781,0.8478407368211347,0.7370918269025664,-1.0,0.6019540705352091,-0.5657670794550264
-1.0,-1.0,-0.7049981302153784,-0.8651636163125651,-1.0,-0.3471883720042114,-0.2815126590614516
1.0,0.9189988274793879,1.0,-0.3519434704375586,-0.18829431616252829,1.0,-2.112418093236039
0.3110540347701555,-0.40180150320061825,-0.6780282620839484,0.04448980196012958,-1.0,-0.8738215914118549,2.411167297223478
-0.7739972259005912,-0.7131931415239043,0.7507152211533106,0.8173360995159765,1.0,0.06466896500532027,0.5595346605571014
-0.08112706728989694,-0.4943934789924793,-0.2530244511764201,-1.0,-0.10419800004009694,-1.0,3.7169934692061863
0.25463371680916125,1.0,1.0,0.09162500818453512,0.23575111278731453,1.0,-2.4645386109780603
0.9874912793360995,0.9689350134452837,1.0,0.5137848191206652,0.02307908733917169,0.3744113018285385,-3.6183848352422627
1.0,0.10396530865895248,0.9431492522861302,0.38497209571741986,-1.0,-0.29582333232683755,4.759797517025236
-1.0,-0.6540148853323864,0.35687949612540026,-1.0,-0.3699708321902524,-1.0,3.6906079036779853
-1.0,-1.0,-0.738114450979171,0.011617407806962299,1.0,0.3131313765591857,-1.209390562848754
-0.9946320764406306,-0.09678485709950668,-1.0,0.38148554563868253,-0.08661622610550634,-1.0,4.975795307143628
-1.0,-0.38447464108721086,-1.0,0.02196691226769598,1.0,-0.8208899128254254,2.4348517498595137
1.0,0.6527449488116488,1.0,0.1166159212118758,-1.0,-0.05860483093180179,3.0967562875311176
-0.25298810305406416,0.14195365061020848,-0.4059755178401281,-0.7713397898121651,-0.37902249305590036,-0.3548857461310361,-0.12404596466135287
-0.024231801878528747,0.194966585985491,1.0,1.0,1.0,-0.4057237667674768,0.1933101661205936
-1.0,0.39935757876574474,-0.1790733201297342,0.06591109892408842,0.8834887879744737,1.0,4.876916671480907
0.7340785596468684,1.0,1.0,1.0,-0.8014066043007785,-0.7978661970655606,4.548055137100909
-1.0,-0.9118542618466564,-1.0,-0.3641347792469106,-1.0,-0.25715378642139775,-4.422700861602933
-0.044987435687727395,-0.15287800931792228,-0.8742036766010943,-0.967093351810006,0.02066125890331394,0.4282670978703964,0.381264577810087
-0.49972705656738925,1.0,1.0,-0.3234488556903473,0.46586652838509174,1.0,-2.5908504847744678
-1.0,-1.0,-1.0,-0.8829354611916185,-0.19750717853580488,0.38454707653678316,-5.758582632310983
-1.0,0.6452776628626218,0.054303145225977345,0.4996344000502106,-0.14339092137962495,0.9533721525299567,0.3752266772860798
0.7920792956453588,1.0,1.0,0.8051232103037671,-0.9395998470001112,-1.0,4.401439140252072
-1.0,-1.0,-1.0,-0.1634236133298883,0.4056237903345881,0.5163882832757678,-3.4450791820214137
-0.680031429987299,-0.2611980220271121,-0.596433354606506,-0.10203966588679697,1.0,0.7483151188295905,3.4910033963785954
-0.45352868697520443,-1.0,-1.0,-0.6561872434510583,0.6544828844241908,0.6036909081170767,-3.7052998648167934
0.135873312307489,-1.0,-0.6511462856771686,-0.42033601891268435,0.7519801252811213,0.734065024094897,-1.0361972792932612
0.3738372363375884,0.07120439461291511,0.43452995197654687,-0.014017893465078313,0.3239278746108123,0.3660965988043786,-0.6764470498185259
-0.23521119745211538,-1.0,-1.0,-1.0,-0.3008981225505887,-0.4149616654734202,-2.3454309171346055
-1.0,-0.6296949307564788,-1.0,-1.0,1.0,-1.0,5.177498165061402
-0.11945350897857249,-0.5061792999570478,-0.9447382698624374,-1.0,0.9053516019987621,-0.5814977759024442,-0.05304472456501558
0.9080570440345768,0.14811301484045833,0.4174640809755561,1.0,-1.0,-0.42348903135483384,4.980196616849875
0.25320267653707496,1.0,-0.48316151208624375,1.0,0.5522928246882963,-1.0,1.4916499505215484
-0.17391029033332428,-1.0,-0.21762974481721808,-0.8709699488891949,0.7713297112010723,0.3874647693971939,-0.6323694345056763
0.9929594159103432,0.7304582980138274,1.0,-0.3690193596146254,0.024816246080807902,0.28712556919081955,-1.2833295201180075
1.0,1.0,0.4509662361430107,1.0,0.45143265204442373,1.0,-0.9416985120068642
-0.6858648503313378,-0.08608827216080064,0.31876404721353624,1.0,0.07199041858041944,0.5997293871041307,-0.5353327486527868
-1.0,-1.0,0.738225204973217,-1.0,-0.8234509573944556,0.7578704006811234,-2.869692952392491
0.4969921161215466,0.3840126211971099,-0.8841085565963033,1.0,0.939150225347063,-0.1459034863000859,-3.1762872243180573
1.0,1.0,1.0,0.1785660076619442,-0.5938101678720462,-0.8247238625069698,1.72394562175618
0.598385758386611,0.6241554764836682,1.0,0.1984904894791224,-0.9315608419858964,1.0,1.0671906081604745
1.0,-1.0,-0.4771286127801112,0.44781554323729966,-1.0,0.01842751213404792,4.227075972803501
0.7315772883793856,0.1447335983287083,-0.3309410325156379,-0.8765711558316023,0.47765425256448557,0.01281686797079562,-0.6176060385001181
0.05920985406909751,1.0,1.0,0.5021431545074057,-0.6951689181106493,-0.33595003114472755,-1.7471108022567279
1.0,1.0,0.4540472343396913,0.500201058693581,0.5936990008333568,1.0,-1.1755546501680507
0.411825749413812,1.0,1.0,0.8069889605088335,-1.0,-0.786674291779628,1.7759270468683965
0.08400485440714545,1.0,1.0,1.0,-0.03411827162456588,-1.0,-0.3782780471855385
0.7051614546768088,0.5895358589401489,-0.22210073464589072,-0.25702929156689425,-0.3230769509697348,-1.0,3.2292392064583266
0.44717444312772114,1.0,0.48788103620966206,1.0,-0.5506033522853372,0.3300118132154537,0.48194201647529716
1.0,0.5659918697355293,-0.9887021605629367,0.0053709564260879805,-0.3164609196814743,1.0,6.220040237477309
0.35522111656635574,-0.2372789809914353,1.0,-0.8585176185061223,-0.12603391016800874,-0.7620722496339281,2.7265883424232356
0.48940736148170205,0.8501841840276607,-0.026655890598830112,1.0,-0.3612423164169769,-0.7836743390836836,3.185499534515569
1.0,1.0,0.020737034991166525,1.0,0.27961565023628077,-1.0,4.811255270684235
0.6818259191088704,1.0,0.7048808673003797,1.0,0.26918132187657584,0.3671313532865219,-3.328162995529109
-0.28728136293689477,-1.0,-1.0,0.543292334420977,-0.8231947750850365,-1.0,-1.1299461794650507
0.33195401337284647,1.0,0.3667384451000213,0.4516578240771052,-1.0,-1.0,2.4045007944858114
0.678720179642803,-0.18989682445400857,-0.12232118024741967,0.33844599685664534,0.5213809267875678,-0.5741451016849215,-0.16391980806163603
0.08337778458277834,1.0,1.0,1.0,-0.4359411956948269,-1.0,1.0542558980970451
-0.32899799868173873,-0.8450908348166545,-0.13070602931359104,0.022515660171818448,-0.9507074786054269,0.26354433173929803,0.049737420385571274
-0.6659673647215218,-1.0,-0.3047269022882635,-0.7198058894464996,-1.0,-1.0,4.0630590971540945
-1.0,0.25183142962226324,1.0,-1.0,0.6916838691154352,-1.0,3.715020200606274
0.5843808735416968,0.20861631091288296,-1.0,-0.5572368132540759,0.07229285826450915,-0.09919159903453934,-0.9970034647180145
-1.0,-0.5204401482886873,-1.0,-1.0,-0.2088790337053711,0.6695949885981622,-1.128064541361266
1.0,0.9467978397668021,0.5494439864946099,-0.42605230025657875,1.0,0.6706002797029593,-0.9594132907492423
-0.336530814861418,1.0,-0.28172539571800004,-0.5675207739989766,1.0,0.6573933632662254,6.566016376140308
0.09930617233632122,-0.6884389419856329,0.030528005158223626,-0.5965034427493277,-0.05405372992729815,1.0,1.006440088922062
-0.5587446850261959,-0.8690682138391707,-1.0,0.6233182392061379,1.0,0.019797270353611243,-2.7409051755167977
1.0,0.5665995504629513,0.6438075526709217,1.0,1.0,0.41698422835208104,-3.69975913584837
0.03793409476920617,1.0,0.1377003010719926,1.0,-0.033491000324025966,-0.2006472412637872,0.874137394959186
-1.0,-1.0,-0.09533311358154875,-1.0,-0.17536118822678803,0.10199114684712784,-1.7943884492778377
-0.7954808080003002,-0.2206523132798548,-1.0,-0.8521089033629758,-1.0,0.06585010729314929,-2.1034582875933956
0.6349534782001447,1.0,-0.33465293617170877,-0.23884319388146957,0.6879768271903486,-0.8832032138462849,0.5282027686647421
0.4569639690649029,0.3965603028325061,-0.41538355886515255,-0.8063404106893286,-0.7464136236962657,-1.0,1.8720847549461173
0.3337631848818075,-0.24919591078828518,0.130558958629316,1.0,-1.0,0.3768939068906503,2.184157852152044
-0.5886539120892479,-0.4265020613507178,0.41389749248719965,-1.0,1.0,-0.3195209126112248,4.198001916392279
1.0,1.0,-0.03752900886809046,0.5256047046787369,1.0,1.0,1.176974524050905
-0.3966400434003582,0.3312303535859846,1.0,1.0,-1.0,-0.29363934840719386,-1.5403032418688347
0.9286110066189377,0.11995155123265522,0.5192703515097558,0.9601561961640996,-0.10166415696137876,-0.8177457742626826,4.269810922620993
-0.982185671507752,-1.0,-0.14670467437256254,-0.20436458088320641,-0.44863613415082937,-0.38811665529441863,0.04719980341029195
0.6819057543972926,1.0,-0.16899788456014697,0.04809597288713563,-0.1650632975935729,0.10855256497898794,-0.024205304754266743
1.0,1.0,1.0,0.43757484125038104,-0.22116210503678824,0.2531969267606461,-2.876828040759766
0.8040157420145992,1.0,1.0,1.0,1.0,1.0,-9.113711332548249
0.2415067905342696,-1.0,-1.0,-0.8983154287652488,1.0,1.0,-1.8703085988418744
-1.0,-1.0,-0.33166880686265143,-1.0,0.1161606433115756,1.0,-3.297240548307252
-1.0,-0.1883382007462463,-0.327564086877539,-0.30330846228973696,0.07434091147237198,-0.4240068643771411,1.372450791870366
-1.0,-0.0915331407038284,0.7374014560828166,0.3626801224323478,-1.0,-1.0,-1.0140858575723932
1.0,0.4970695011837416,-0.7356442279889479,0.6177930522860369,-0.7974457929897414,-1.0,7.183845606189584
-0.2821235853713453,0.538097693335488,-1.0,0.2724953144542411,-0.8455607152499232,0.40801500463408724,1.0022257796979819
-1.0,-1.0,-0.46094493489637967,-0.33670115004581536,1.0,-0.08232310275310062,0.820306605097137
0.059064468101769796,0.13609772436548873,-0.3207706310021263,-1.0,0.28202917601541794,1.0,3.776939136288893
-1.0,0.11540705282870811,-1.0,0.238178991968138,0.6467204135406508,0.9506955558080957,7.366335375535258
-0.9059398630844624,-1.0,-0.8168503754238379,-0.16078820043556474,-0.42817856364615803,-0.022174022537917087,-3.4784729553678577
-0.787436126084947,0.8316966535877472,-0.5332384954256524,-1.0,-0.9673921971099122,-1.0,-0.17848234529573648
0.8289021864816604,1.0,1.0,0.7600165874051752,-0.9657027793432038,-1.0,5.6327959673911625
-1.0,-0.3213876498759973,-0.8035877083425842,-0.4513634379740321,-0.8504041157399871,-0.9600604094132019,0.8833835943657005
0.09140038089317182,0.589228006151812,1.0,1.0,0.1771668762994076,-1.0,0.9633736477202117
-0.770196454561791,-1.0,-1.0,-0.167587378791619,-1.0,-0.18809398263989818,-4.197761304586887
1.0,0.071309559242066,0.5523133691063198,-0.5427458837175454,-1.0,0.39282106329712163,2.6726669204610216
-1.0,-0.1969553292614552,-1.0,-1.0,-0.21724140713819126,-0.9405862509879139,3.2410789357571472
0.01964492176875332,-0.3106202620837608,-0.3323304519830187,0.3734099969491184,0.7293507159685316,-0.4051727123119585,0.07065044189137223
1.0,0.35476161484879487,1.0,0.12007508433402336,-0.7493145370111244,0.5647303329245082,2.183103947995148
0.38423770430619353,0.16860285160816746,0.858625734268329,1.0,-0.2930910857079211,0.32695037385513626,-0.8794584891357247
-1.0,-1.0,-0.10268772779045965,-0.1227444946672826,-1.0,-1.0,0.7262534424985948
-0.150399626281434,0.12542452396873666,-0.713666954684489,-0.058820612181861076,1.0,1.0,7.094548345003914
-1.0,-1.0,-0.7963494112431646,-0.19353425042461536,-0.6073489693838344,-0.36268256706854934,-2.9465658230474805
1.0,1.0,0.0483161496350728,0.0008817074916510625,-0.7006703757650464,-0.19364109484976277,1.9269488611264043
-0.032497143477840496,-0.4119522158551915,-0.189895922699433,-0.20765785638556356,-1.0,-1.0,1.930338898778896
0.055707455197104405,1.0,1.0,-0.3369098110296991,-1.0,0.3979187722676949,-2.5353824864280248
1.0,-0.39830272597076144,-0.4251038088020749,-0.6745328181911212,-0.3849408968131459,-0.11127984428240179,1.7000075829773031
1.0,0.3026632413834669,1.0,0.5171377971351472,-1.0,-0.5433652577311571,5.7400595706684285
1.0,1.0,-0.6347853950463438,-0.30635367163294325,0.6933683983925674,-0.5180398103482386,-0.20283042925182104
-0.2524276790880913,-1.0,-0.42288118243368483,-0.37395644283092017,0.7797414033365508,1.0,1.4794922863814444
-0.47319275305821695,-0.001861007386946556,-1.0,-0.8052900702672438,-0.6144360153704506,-0.1748705072363268,-1.0610117003294333
1.0,1.0,0.7518264532468739,1.0,0.8738652250812768,0.8641200654343673,-6.160727845789487
0.9986181686507154,0.5905021779975343,0.995209303777088,0.024892412492529825,-0.012649522552657166,-1.0,2.466824801731533
0.8205588117872102,-0.5478943257923944,-0.6912968918034548,0.8429648662352603,0.198986888651493,-1.0,1.5471311131816468
0.36228861396173884,0.6956952822103083,0.25221077934734515,-1.0,0.8004188154261538,0.5801772049546193,1.525786202801624
-0.49632304886766876,1.0,0.8701556069642261,0.18204159013494547,0.4267380277741313,-0.9123777958942786,-0.5133793609866881
-0.5379643495180544,-0.6876380334466778,-1.0,-0.11201673872354845,0.9077202212554346,1.0,5.924876852687687
-0.5104652828646754,-1.0,0.33477588881526976,-0.7722438248608137,-0.01428818587455237,0.48999440840984976,-0.9599611545138023
-0.7785698081841546,-1.0,-0.19290673996355656,-1.0,-0.028083701584262544,1.0,-1.6495256102962934
0.15721037798862436,-0.20641194727745182,-0.9690064062931276,-0.44219695348963217,0.26662424043297356,1.0,6.020127085778004
-0.9195450802557982,0.21877807497928592,-0.2070352505941852,0.21347512030481108,-0.7440144117010483,-0.1496821333396704,-1.4449600752288982
0.18493051361656698,-0.011876069117110283,-0.6766097724135971,-0.39307846019561177,1.0,0.7047931429454058,2.548667500859356
-0.09209036627964673,0.028352705982254145,-0.5180663888339737,-0.47950391527208475,-0.12084550380070416,0.6055998864527337,1.893149543703245
-1.0,0.21210713656681685,-0.9162438532690913,-1.0,-0.2181321434386495,-0.28809811365462834,-1.1283752906006352
-0.3267267065230022,-0.1141457803704595,0.5743631830865222,0.8225742011839611,0.7185267547988232,0.1773882143852712,0.13857321816708262
-0.11687449386766546,0.7636112634099479,-1.0,-1.0,1.0,0.5893140506159141,6.281008890529671
0.6117077645290583,0.5981471586366465,-0.6578317337889464,1.0,-1.0,-0.2553804991492911,3.039567934188854
1.0,1.0,0.12122008150484104,0.23765056281918318,-1.0,-0.857894312290685,4.292806431235383
-0.6937517811983342,0.5621027694661236,0.24448521058570638,0.7132663427837882,-1.0,-0.6646784732865055,-0.6438968599602366
-1.0,0.2845287970457301,0.05599741424386122,-0.4266753619329765,1.0,0.44722444319391874,3.2799676497413954
-0.09939459250575844,-1.0,-1.0,-0.9148806242843419,0.004023945872663193,1.0,-0.2906977340891137
-0.38788518382809234,-0.2238670562766798,-0.36817722399631325,-0.4901739015857032,0.766249763798382,1.0,4.218925742014905
-0.8569985914875236,-0.6369601750668145,-0.09937713402887965,-1.0,0.7430578768721015,-0.1080972619221312,2.577414473681846
0.813238395209883,-0.028711227256419003,0.9032139150513139,1.0,-1.0,-0.9266489936590823,5.625539108432239
1.0,0.7497230325617845,1.0,1.0,0.522081460988746,0.5511116073733532,-5.651200536901432
0.6434708870592589,0.3930836290824067,0.5693258808849662,0.8276215774007121,-0.10563524964018178,-1.0,4.105313425592536
1.0,0.46948362189546,0.7269975457510267,-0.013965074776940867,-0.2857147845834601,-0.9044209409411934,5.105709712446848
-0.5016889848434518,0.6036259354793836,-0.1861858699440837,-0.005881432955699151,-0.3878068282252296,1.0,3.4092750984888758
-0.4771007334306323,0.45656194100132125,-0.29591841308812994,-1.0,0.5176057376265535,-0.7258529803161008,0.5082681491701366
0.571092285061437,0.6021277808368215,0.17868376519222906,1.0,-0.5730702698020056,0.020691948763989054,1.4298127208480937
1.0,1.0,-0.6050541447461666,1.0,-0.7804056037797124,0.7644337597438516,7.1870090711625405
-0.18550786553662646,-1.0,-0.4809846139435527,-0.8695268643629492,-1.0,-0.1692940308493447,3.7403260078941822
-1.0,-0.4805030111787971,0.54066208508995,-0.0434016208485154,-1.0,0.4248894665841343,-4.028995874756007
-0.45181216106608996,0.7373417335390255,1.0,-0.38277902404636294,0.2768357334986099,-0.504399179447712,0.26531621619130563
-0.3046539926237606,-0.05185848659738562,0.6873723451157416,1.0,-0.9363894959360397,0.015166287157280522,-1.243638514295977
1.0,0.4692188701761768,0.2969744167590692,0.9351793112010642,1.0,1.0,-0.027508824870142688
-0.1470604522842185,0.6409053911558256,-1.0,-1.0,1.0,1.0,12.305612986722252
0.4664090727525653,0.9557143493130892,1.0,0.6845734115210538,1.0,1.0,-5.8598018996767065
-0.41435543177080936,0.06925454741747172,-0.9980331658355583,-1.0,-1.0,-1.0,0.27037052965459496
0.9074243566785025,0.48635974505425694,-0.4196642960814575,1.0,1.0,-0.5045923417031102,-1.869744125568046
-0.3959518701840628,-0.8509146520159125,-0.08540941073715874,-0.05930417895329204,0.1273739682787312,-0.8783649024484207,2.210946955094108
0.2777411820483211,1.0,1.0,0.43691893632214507,-0.2862851501328951,0.5655495029897044,-3.6210440818927516
1.0,1.0,0.36737963416652797,-0.09260079191979831,-1.0,-1.0,5.864982568594832
1.0,0.6317981578681976,0.10117846851800813,1.0,-1.0,-0.7907177392060367,8.524080345043384
1.0,0.6214694895924621,1.0,1.0,-0.9468258520479577,-0.8534899772879045,7.834223882614324
-0.4542121035885567,-1.0,-1.0,-1.0,-0.24699001783886182,-0.43664819724333903,-3.2006070143839405
1.0,0.21220076870743942,0.5232427232753654,1.0,-0.11511635826090022,-1.0,5.967322725898852
1.0,-1.0,0.47844284656685954,-0.6409970537940386,-0.2019141838637115,-0.4125313902637365,5.027337374281018
0.7882362022841037,0.7802609994163794,1.0,-0.7598009951075135,-1.0,-0.07039425683995093,1.2782250712699574
1.0,0.9823335367487925,-0.4628671317026112,-0.4765981729083294,1.0,-1.0,-0.9077676031300486
1.0,0.12721789940134753,0.11682485144424248,0.41139650463694855,0.37827856124619275,0.2494562871217318,-1.3470297439767713
-0.5933520859828155,0.4409498933678846,0.06732482721269327,1.0,0.11123058177627976,0.5808889709252367,0.7566109996275565
-1.0,-0.03962310417182116,-0.3315279336606092,0.5114752117733863,1.0,1.0,7.986756878665164
-1.0,-0.45493168401632494,-1.0,-0.6013095414753449,-1.0,0.41729098360102834,-2.9332004601173467
0.027951918359852668,-0.7515796668859128,-1.0,0.7748431869559655,0.3538273814046004,-1.0,0.6668242282356811
0.8159263269459303,-0.7411677118240596,-0.15325064374417857,-0.11285130946247218,-0.03806632893693729,-0.5863107718026781,1.4701035930079365
0.4029367087428912,1.0,0.9407871717317398,0.6842030361301017,0.7816249693897741,0.4862055088218251,-5.629955572213872
0.4494242777034745,0.3536655867302284,0.10496813663673898,1.0,-0.8270339467036447,-0.8555214493887614,3.928960756786585
0.6855515422472669,0.2840463281581629,1.0,0.5057229984758156,-1.0,-1.0,4.3967226450491985
0.031742664147299704,-1.0,-0.8188466668733381,0.6906610967123198,-0.7976620072438261,-0.08732845462898152,-2.354210273182833
-0.5159175953538372,-0.4382718643791339,-0.14503116333385044,-1.0,1.0,0.027558761563652806,2.683435972693955
0.09389722659718092,-0.6351078665018948,-1.0,-1.0,-0.46302295507383784,-0.3383478852085211,-0.057828428773297635
0.8043622608388548,0.1307390936932722,1.0,0.8339162441950243,1.0,0.03692245411734374,-4.065077002319735
-0.3998078564551518,0.8680736153107729,-0.9603788053463038,-0.8569512175723817,-0.2500448351118312,0.9376798784319813,9.304674844735906
0.257139290943606,0.1525349094639964,0.6409075290884492,-0.9718474635390506,0.73431686272788,0.8344467871346746,0.1642469374387837
-1.0,-0.6614418946196623,-0.04861186595735597,-0.9761399375386176,-0.17671566792833915,1.0,-2.0337536426934544
-0.46351601298096856,-0.48471142780626897,-1.0,0.07156513336406889,0.37929570507063415,-0.5557797415503222,0.16138555809507654
-0.8977219154542764,-1.0,-0.2265389566220959,-0.3200508432251292,1.0,-0.10025909644909833,1.7025435272023761
-0.5493964762710222,-1.0,-0.16196965976865366,-0.82704932390809,-1.0,-0.5430884278350085,3.6526397315370507
-0.3298192212348865,-0.9003706797831308,-0.4130445666020895,-0.7183889954104845,-1.0,-0.23733707085134104,1.5595574230516749
-0.4015363244197383,-0.3995460745849295,-1.0,-1.0,-1.0,0.3688743722186764,0.48726271493817697
-0.5113985508244148,-0.914317741883143,-0.924756553437176,-0.8000176865669002,0.5750123512411536,1.0,1.352441695801831
-1.0,-0.1783631048232479,-1.0,-0.9851763659389379,0.9080228281457249,-0.2547585847273509,0.4792240225272134
-0.9614692163450543,-0.9930140964319398,-1.0,-0.7660853114333063,0.32863335351179856,-1.0,2.4428253840751077
1.0,0.7626829539690974,1.0,1.0,1.0,-0.32133126751881735,-4.545700001943359
0.02322126216559295,-0.10632333290843099,0.6046868281944143,1.0,1.0,0.11808676270054375,0.4702097737910894
-0.35925790205884517,0.39993071884534614,0.6433572549885109,0.5186275373492633,-0.9965312067222976,-1.0,-0.03365907811705959
-1.0,-0.28036525697475145,-0.5335476845179641,-1.0,0.8744789034543348,0.9952844814665496,5.683715800526252
-0.6439512696795765,-0.33148847356603284,-1.0,-1.0,1.0,0.3077278900751008,-0.023601009007937053
1.0,1.0,1.0,0.9434646781949578,1.0,0.5071446833813531,-10.558484102162387
0.4093647988089139,-0.6238680530172191,0.6015165000636262,-0.2588034242010726,-0.2716624021678549,1.0,0.6325451761591339
1.0,0.2903561784662303,0.7423426655778824,0.7893733115966892,0.16391426490059657,-1.0,4.206600593228841
0.06694004955954658,0.9093474892556255,0.7779056831333936,0.16198770515692107,0.7070628490683886,0.8003485154853678,-0.18439415181148228
0.27320530303680823,-0.503508082040768,-0.7495051006759494,1.0,1.0,0.6287066787301386,0.34929859771968896
-0.2756332647597214,1.0,0.047895959657517695,1.0,-0.5990455671861052,-0.351439380345573,1.5541371151538272
0.5211473459409488,-0.4645787165272275,-0.33781533458733826,-0.2149100268965185,-1.0,-0.47776584655754895,1.3341544090920565
-0.5439640639046055,0.5686995540725049,0.2483388156346009,-0.5305301865749565,0.02521222190766159,0.1032948778177723,0.1728454358501928
-1.0,0.30075927229209687,-0.789769763596043,-0.21284392784979556,0.5682963545838001,0.21520609996413864,0.02010563765171769
-0.7733709064275804,0.674194558368207,0.35781224363724223,0.6217177881567483,1.0,-0.33923128173368233,2.5446112037863364
-0.0040938249086464595,-0.9088997799735379,-0.3846525708366484,0.4012223846867492,-0.3766662679049898,-0.9240062345465312,1.355645810602085
0.14964011635994257,1.0,0.006672683731866691,1.0,0.8394506428262657,0.5051279176948466,-0.8270760228853458
-0.437084612206575,-0.29522168168624985,-0.7708282510104272,1.0,1.0,0.2153934260867919,0.5173268409316206
0.10516847180116307,1.0,0.20435293210956065,0.24458822307532946,0.9873726499420152,1.0,4.60054640433015
-0.3246741789450281,-0.585334429791823,-0.928148895505912,0.09764632562950987,-0.5460332426901027,0.213492515107512,-0.33542014727554537
0.3968101421818486,-1.0,1.0,-0.31747139805024394,-0.21226398272134328,0.3429687009295087,1.3877465388413779
-1.0,0.4588967249204441,-0.4354676179546315,0.6418694483545999,0.614441183093239,1.0,5.697283351692543
1.0,0.28522945229866536,1.0,1.0,0.5725091200664799,-1.0,-0.5945613908082809
0.6654117526347927,0.635167570452583,0.767317186781476,0.07247441302851526,0.46906342736955686,-0.4979855481949766,-0.746379181293013
1.0,1.0,1.0,0.8976644201979451,-0.027691968576200723,-0.16763711476831866,-1.4961762205666806
1.0,0.4702217164813231,-0.7569117579936697,0.41559553737473276,0.3478316328474469,1.0,2.249167907405942
1.0,0.820787609787579,0.7606435607373774,1.0,-0.359222967911501,-1.0,6.5246390600176225
-0.7063510368523874,-0.08192144949801322,1.0,0.6194829105703258,-0.23908792430989623,-1.0,2.204235645085615
0.023715828722407517,1.0,-0.10727243434561667,1.0,-0.4572422765873516,-0.5476077579793561,2.0534410083031878
0.07318022303650817,1.0,0.9891443822555921,-0.4477792060361102,0.6648206480966845,1.0,-0.1784415916446137
1.0,1.0,-0.3802534797884132,0.7345577784427512,0.269726413087269,0.2690426882278394,0.8729215019688203
-0.09146625749358228,0.2536725945046523,-0.45042786549904057,-0.9634416537765276,-1.0,-0.2246115274132653,2.1806915386135044
1.0,1.0,1.0,0.3921030898209852,0.4559945501545153,-0.22048925379801942,-3.2614600213105427
-0.19264621171912788,0.13894277722890108,-0.6922906456668716,-1.0,0.6962478717048359,0.22942144865316605,1.1899265806065578
0.1765458188522847,1.0,1.0,-0.7517124926287261,-0.7674710817110619,-1.0,-3.239888105636576
1.0,0.556813733564596,0.20463946614676498,0.5285111018548331,-1.0,-0.714015548168315,5.374469681538142
0.55611207315671,1.0,0.7466356149227638,0.5679311717845061,0.47161787487974904,-0.13184419352575483,-2.9225791083811465
-0.9490959147866642,-1.0,-0.47272505565771583,-1.0,0.5500081561930426,-0.38780946659262117,-0.3752413715729816
1.0,-1.0,0.7417408222599384,-1.0,-1.0,0.20055488985295125,12.131578484714442
0.17706917055824858,0.2598613919101467,1.0,1.0,-1.0,0.9309203975249155,-3.0302702875348713
0.053297256266783055,1.0,1.0,0.45468033490473914,0.47914186169151435,-0.1014760045394735,-3.6652320424348472
-0.8121201090932372,-1.0,0.25108244197123597,0.40989603804544333,1.0,1.0,4.830340915283489
0.10373744680709907,1.0,-0.04689106750819225,-0.1073946995026257,-0.32820666191390313,-1.0,2.461994746787449
-0.581182897289388,-0.8930255292770102,-0.6064972427413154,-0.4442576262950267,0.12123371202225708,0.38067512251135194,-0.9088436460167079
0.886314394442573,-0.2532224499073257,-0.8468371921882192,0.5799883455948498,0.9845493823785443,0.7437770121466831,-0.8790328181815092
-0.7268581521147437,-0.8142683771973567,-1.0,-1.0,0.6187575156578292,-0.5637411956444184,-1.2827430587052517
0.262776783694536,0.5275221938198562,-0.4068101424748227,-0.10585361639176244,-1.0,-1.0,1.817292738181118
0.16170441196499968,-0.0922397230245397,0.44690801143181635,-0.2307509796189156,0.191030649988293,1.0,1.1058341941358147
-0.028521491552024214,-0.0965982737191522,0.7467609243399544,-0.3146456376755824,-0.41596508061578746,-0.5169285366075583,0.6690034037358529
0.08117480880273692,0.8090897666973043,-0.1807351119907475,0.7004653855510191,0.1369705326718758,-0.5657354725578918,0.4342956814820641
-0.7410826651778616,0.13577894968974627,0.8631273406699982,-0.3775439119803641,-0.7945976857774861,-0.3386056938329792,-2.0791109890877433
-0.02243121507554291,-0.37629903789574926,0.6955818236517087,0.268378464583626,-0.4149243939250524,-0.5435199487104505,0.8039820481032308
1.0,-0.688319482800358,0.44184102791919744,0.6159667246966869,-0.18260344555958297,0.452823296871031,1.8731460439966434
0.7840993249375695,-0.03385574271885655,-1.0,-0.764740722280007,-0.44698919960639527,0.9759695498071282,4.801528324187862
-0.07671732487940885,0.4849944071617164,-1.0,-0.6791569935831496,1.0,0.7107692178728325,4.166936330155455
0.5130640727415372,-0.8415935776284248,-0.13636795369522298,0.9755250760850482,-1.0,-1.0,6.355153561290583
-0.40013544289772557,1.0,0.47212340432001476,-0.9516087549482443,-1.0,0.8113065189309665,4.615819681723314
1.0,1.0,0.8086064223304569,1.0,-0.26421116283289414,-1.0,5.865271328660558
0.17469463933396623,-0.5979308847771363,-0.29547761399907546,0.1400045233397127,0.23558862566153238,0.37216284563863894,-0.5350570776514512
-0.24522919897226106,-0.17258996288992234,1.0,0.746283919754988,0.18108027423950457,0.16502895069278312,-0.8864907511130539
-0.18180647626095903,-0.6765576943525002,-0.08316371517355814,1.0,0.5725522792932365,0.7501019491369975,2.2547202435890377
1.0,0.9627433327322985,0.8075838006998046,1.0,1.0,-0.3619356260498994,-4.586493587767466
0.033522316382489925,-0.5087616130253203,0.040663105069452365,-0.5180324322441139,0.7744621499899913,0.819268662213603,0.33363535180572146
-1.0,-0.37880360156346105,-0.20743835281919387,-0.9798738414325483,0.33242752915488183,0.7745256214967349,0.6023359494774183
0.42038894957448464,-0.216663671198572,-1.0,0.2614649957610534,0.8738664029229277,-0.2001691596789792,-1.2589609796536685
-1.0,-1.0,-1.0,-0.5325576978369717,0.12580610614127824,-0.4140149513663969,-3.9591701367399903
0.6065975476510821,-0.013751862773162649,0.44626833741506994,0.8586085626915967,0.5829941515150205,1.0,1.1461081364022827
0.14658907525617365,1.0,0.808622015001829,0.7132390317056818,-1.0,0.5762735615003123,-1.5014118309179763
0.8183181423214354,0.032155561858320136,0.10970937682613985,0.13530801143363866,0.7977302537350358,-1.0,1.0791458334595951
-1.0,0.6435113113218842,-1.0,-0.4097198809933162,0.4311314284108955,-1.0,8.193927588479763
0.20424532797857542,0.8819487537778282,0.2079066798674572,0.6188870113200492,1.0,0.07274556162056989,0.0813902859544483
-1.0,-1.0,-0.015358238436518512,-0.31213697173257415,0.5970295642608279,0.16447364054542174,1.5476502759411317
0.3559590164418578,0.4390675399605421,1.0,0.7867286771036943,-0.6837092741230006,0.06035274520226447,0.40695051458866127
-0.7637585861574988,0.29950392405240667,-0.776924356179626,-0.3464149936603306,1.0,-0.023035243186407706,0.4793315615474689
-0.13571284999430805,0.8431597694682557,0.045661025796530176,1.0,-0.01084772269916906,1.0,1.3661798719879958
-0.057361283796866,-1.0,0.38753898858343505,-0.9572623890853731,0.5563086480227679,0.029817570714405384,0.6347905455255742
1.0,1.0,0.8410240864122901,0.9777377590007382,0.7231061410556158,1.0,-6.235250562172263
-0.7084822501530968,1.0,0.4534345184858782,1.0,-0.5072983911383924,0.5539198072338579,-3.7911883469355354
-0.24125506761014362,-0.6234916638725934,-1.0,-1.0,-0.4085187085492703,0.21037321578613594,-0.9347155930512578
1.0,0.1599923642344525,1.0,1.0,0.194400240538657,-0.5701618323114477,0.07184170119412138
-1.0,-0.9198790941129473,1.0,0.4659943910504353,0.18043329770386726,0.048330368871867924,1.2624986833287812
0.4678395152697843,1.0,0.5298623808611085,0.30724258779915736,-0.10124295548398288,0.910231486048964,1.0118293208138167
0.049440010134660706,-1.0,-0.985377110997155,0.3927692095640971,0.6312769626125297,0.5799712747222509,-0.6999294654917891
1.0,1.0,0.17800932735178754,0.08972430659166197,-0.563740528415217,-1.0,4.462942609590831
-0.4360293851111848,-0.3970724378198045,0.6214201224806414,0.602805336335992,0.6182316620625514,0.8939624061802585,1.325642553699579
0.6976046500936319,-0.5593246951865485,0.4088752069443156,-1.0,0.18099474195969772,-0.35920659282710493,1.8675166435185027
1.0,0.6540660540533876,1.0,1.0,1.0,0.5712594357532779,-7.971116072386695
-1.0,-1.0,-0.39120324615687774,-1.0,0.24368757712007783,0.02762134932312163,-2.8934192722134764
0.006692842739751903,0.08710658946864774,0.21802062530283445,-0.21030357788615484,-1.0,0.11142508265811271,-1.1725526324389421
-0.44888731381329605,-0.9532607347536959,0.10727664486517619,-1.0,-0.15177452573076655,-0.036672064947818384,0.39580216232597887
0.19221607901554377,-1.0,1.0,-0.10054563522770542,0.6932952521709792,-0.11021069147849255,2.072413223562387
1.0,0.4343953449901269,1.0,-1.0,1.0,0.5055163560226189,-3.237823965733408
1.0,-0.0001485003062257073,1.0,0.273125917021662,-0.6784618683280728,0.4163900414319058,1.5804893113470433
0.7236764283360552,0.25370374797193423,-0.3186528056854726,0.7079846651279929,1.0,1.0,2.2286358700709195
0.4915837939910493,0.3982660684668775,0.09746105715421566,0.27737022733987887,-0.4370025425916156,0.6008536718226178,1.3600317957156975
-0.6921145849551764,0.19707506245529893,-0.039238346922726874,0.8845939655521835,0.13983519028451974,-0.35911356824493446,0.089766762092657
-0.10741788610592715,0.33258357862935767,0.5407522506424274,0.039164961133741544,0.38614711086770104,0.7586774555692823,0.8127698118796878
-1.0,-0.3106089970541197,-0.40000501056679294,-0.2679618708904423,-0.050222529032182606,-0.5926595018243012,1.7973961873834599
-0.18406158060019165,0.6535851841030451,0.2456310629408641,-0.9881110049010798,1.0,0.9230168537336069,5.185552563386025
-1.0,1.0,0.9901882180258207,0.5532679432411951,0.6381054131801852,-0.9050798992115441,-3.487693342921288
0.8118017378917857,0.5320094209391,-0.4037415000584357,-0.7214449615490969,-1.0,-0.3993092587598682,3.5339434686976703
-0.7929803720058648,0.5664524185293704,0.4098711534292164,0.32420670128926743,-0.2790199975485036,-0.8488546733821141,1.1682099821854386
-0.6085075447160893,-1.0,-0.18171522194325318,-0.20343474271814688,0.3317766454980925,-0.39411621391187723,0.45437504205684376
0.35990454820780193,-0.0843801471035725,1.0,0.5990547349236621,1.0,0.6741665214384918,-3.7750452439923805
1.0,0.7253078863137954,0.4314806189309851,0.17725582897776393,1.0,1.0,-0.880499766648768
-0.6284712822562504,-1.0,-0.4473477815040728,-0.5484209970636267,0.1977890665520854,-0.9645340726337823,3.7583443754577885
0.5258605347499448,0.6597513035537808,-0.5925797694969304,0.34779791808858795,-0.8080751685632708,-1.0,3.0185780939071156
-0.3718492745522536,0.32666740289178336,1.0,0.05377484493919038,-0.9063843252259949,-0.17192882577695956,-0.7117589373137266
-1.0,-1.0,-1.0,-0.27157016642453535,-1.0,-0.5091695692978295,-3.6071125324370863
0.3455405272179666,0.1852406804800572,0.5749622071930609,-0.12367838089997046,-0.28198684017922426,-0.9062560351270662,3.1838022647668063
0.19427417279708736,1.0,1.0,0.5145864414768733,1.0,-0.4187906977295009,-3.1805217091755322
0.4542260240352882,0.2894984960826998,1.0,0.18270374169081746,1.0,0.48381371495334413,-4.530504907799402
-0.20445458034274844,-0.8371044392903881,-0.9822897725763942,-1.0,-0.2939912746978479,0.2468260820077104,-1.8156129738853282
-0.7929301840812903,-0.9625213171298976,-1.0,-1.0,1.0,0.9134533204825457,-0.18139397632327658
1.0,0.12361390386312521,0.7628783331175526,1.0,0.8864812541903542,0.8709620576744443,-3.6376588940800882
-0.5430276675499145,0.21657914909928477,-1.0,0.5622996719037849,0.6672312973460625,0.5387808209341483,2.5992960694178615
-0.495315182336353,-0.28945342605657937,-1.0,0.6738098849411001,0.13631488012682969,0.941730265970895,6.415196478837435
0.5224420052840073,0.8628333351633634,-0.553364538986295,1.0,-1.0,0.05586222892859666,4.483180972567371
1.0,1.0,-0.3610184465554169,0.6526840144730122,-1.0,-1.0,8.731509086445364
-0.2447018233335203,-0.36866682315755295,-0.5768430184220297,-0.10079689976089634,0.11101949656299337,1.0,3.933087590994612
-1.0,-1.0,-1.0,-1.0,0.8747718067384365,1.0,-1.815231752789095
-0.04504989411510982,1.0,0.7473789291210996,-0.032962992662168206,-1.0,-1.0,-1.8458501858254985
0.9036501114782314,1.0,0.8738048858519214,0.2495879813275097,-0.7931854728319198,1.0,1.9577525776001754
-0.1652555012356529,-1.0,-1.0,-0.2758975582120683,0.6197174772805407,0.37249881016179964,-2.253926306314947
1.0,1.0,0.7484415672521387,0.42659981504073075,0.9344187183688959,0.5339274808859122,-4.305847594709569
1.0,0.6479787089139042,0.18839617524415958,0.9305130396097698,0.5330908033863273,1.0,1.665991510576915
-0.3425219587206502,-0.07443737819135188,-0.2782502782147814,0.47908995251783176,1.0,-0.9166829099443867,1.1397371044908073
-0.30580266330421924,-1.0,-0.39687402402298955,-0.6711687070310393,1.0,0.9790692713603641,1.7182146830013036
0.8191810277283353,0.5759122301902211,1.0,0.4029211397431398,-0.9130634515819939,0.12761376506206284,1.2336115075266632
0.7302051912900138,1.0,1.0,1.0,-0.14898644105194128,-0.43632818239771126,0.029678483055286975
1.0,0.24265573378860217,1.0,1.0,-0.76375378809527,-0.00835828228225377,3.283691960145664
1.0,1.0,0.46685279104739585,-0.1207804621825539,1.0,0.11632062666203025,-2.5320697816182767
0.11217846568640955,1.0,0.8793749251386279,1.0,-0.06940634320520889,1.0,-4.71543640156234
0.5999963179643236,-0.39762322243862186,0.08000019082631271,-0.06633347965549752,0.9753825948935531,0.8247628734867831,-0.01342554250189587
-0.5945114750319775,-0.18889084533873401,0.720817408729478,-0.6287917569540155,0.8968961427824214,1.0,1.5322465753343002
1.0,0.20315813458119,0.7451158847565169,1.0,0.6417389522650736,0.7356579502906737,-3.8275879302709632
1.0,0.5792838830440334,1.0,0.027337470108862227,-0.40993215213125656,-0.5489222778580946,2.273787411902264
-0.15395381096374106,-1.0,-0.7637761057653627,-0.9405816612723334,0.6604090754944631,0.06809195116667976,-3.4829414469076507
-0.8263130067335611,-1.0,-0.8098547512515699,-0.9530566694149947,1.0,1.0,0.05240443977617043
0.17935028057125413,-0.6748451296934097,-0.5203503266359334,-0.6386767907713131,0.15456056559209075,0.6586587228897675,-0.25186374448174664
-1.0,-0.9035455974190216,0.23286492990112234,-1.0,0.17555006124983363,1.0,-3.067975142307945
1.0,1.0,0.25907528361832965,1.0,-0.5623954641422595,0.6739819323868461,3.1861496716037947
1.0,1.0,0.22418151984530255,1.0,0.31028947132765416,-0.16703096885014973,-0.1467145300216567
0.8447422399740032,1.0,1.0,0.5879735773103385,-0.6052715033551497,-1.0,3.3668294849619196
0.41013867777146545,-1.0,-0.5041540864323716,0.4770040505566171,-0.3491332503407019,-0.5187180297514984,-0.05941284682174658
-1.0,-0.5750726832794875,-0.034244599416173305,-0.037557434837879766,-0.7609249190155419,-0.4975386100632735,-1.142907350981338
-1.0,-0.674298138257446,-1.0,-0.9660922912668253,-1.0,-1.0,4.164963174838487
0.8948893956258706,0.9138128327933677,0.8545714736935619,0.9982721126864018,-0.5448878905823473,-0.13148947946301404,2.1458338512535597
-0.7554762088600588,-0.3100112589750895,0.7412544245532942,-1.0,-1.0,-1.0,0.6811660421909465
-0.05593280967149106,-0.890052542704961,-1.0,-1.0,1.0,0.40816430947180055,-3.497559600682117
-1.0,-0.8892537077063118,-0.10636377020129095,-1.0,-0.9205572061670401,-0.5653463133616838,3.482934217195005
-1.0,0.926990615636786,0.20273722490948454,0.3918396675025564,1.0,0.14537331944052367,2.5027282195311362
-0.9346027462664254,-0.17282916570871054,-0.9241451590261901,0.10711535127492786,-0.6175215321971181,-1.0,3.0897382999955942
0.8376840709125284,0.1848198724174992,1.0,0.8931938580787337,1.0,-0.3559090694625387,-3.132985205395953
-0.36181236857263643,-1.0,-1.0,-0.9928481999881402,-0.788870580109807,-1.0,4.506909045064964
-1.0,-1.0,1.0,-0.0033840172966597137,-1.0,-0.09795321479816338,-0.6946645611030224
0.29321440736728166,-0.2123051841505617,0.4060866939082195,0.010122984583943229,0.7099891436425768,1.0,1.0697737615424447
0.48920438724597026,0.13865682892271364,-0.4625212506169971,-0.6836879400278248,-1.0,-0.7961057869070021,2.9254105006389115
-1.0,-0.16506533445424876,0.379822553198351,-0.7350218511880084,1.0,-0.802583527643126,5.402624602047311
0.00313185468483293,0.22859006070603194,0.1923531499289075,-0.0938092331601646,0.8417976675282647,-0.6535653006165667,0.6157415039041427
-0.34284920100937555,0.6644078863687403,1.0,-0.281483222191214,0.917604900958497,1.0,1.8180311500384914
-0.934551045264508,-0.7233295267955706,0.5838260618302329,0.0043530216966700674,0.4945252408752716,-0.10033435833406583,2.3481490861315146
0.7169186720626712,0.1196444521024953,0.820753282346038,0.43577619790374933,-1.0,0.25701760590395994,1.8710703968336375
-0.08429935681323009,0.45694871398695325,-0.08070353247164258,-0.6024573640127945,-0.09877667798595446,-0.19113664415534903,-0.9362262694781976
-0.82614291520456,-1.0,-1.0,-1.0,0.22214068549276955,-0.673472504210397,-2.829590283526018
0.032765498641993074,0.6385495878237852,0.058104111826293575,1.0,-1.0,-0.3440294931870982,1.2294183292026362
-1.0,-1.0,-1.0,-0.5285762183255123,0.8646897220117956,1.0,0.8985356921293125
-1.0,-0.730943083714384,-0.10385785495935307,1.0,-0.6019735775217123,-0.08928546626380429,-1.8441440157292035
0.26786546549382795,-0.8808850950639633,-1.0,0.050604171114688096,-1.0,-1.0,2.099264834935238
0.129972047773876,1.0,-1.0,-0.4451335205360004,0.8251462344136142,0.5174609358335784,5.072209216615531
-1.0,-0.16935577628372078,-1.0,-0.8484781185784639,-1.0,-0.05062512145043274,-2.45837788579175
0.5262901798390122,-0.14784822882476556,0.1517835706071478,-0.6867031094919978,-0.9954104119234797,-1.0,5.500810503268422
1.0,0.09572820481195898,0.06113356714445928,0.5122605847091193,-0.25239019265798623,0.852697141563096,2.926783560278533
0.8420657411724901,1.0,1.0,-0.025786901073967944,-0.09577841043499696,-0.46204044905247177,-1.2394439812002787
0.8008009997346286,0.04259496331911877,-0.30668467494996204,-0.6839646856158159,0.5274869901803823,0.5202002054788402,-1.1510479380908523
-0.05498410973000456,0.3334588073163938,0.10692154479197258,-0.37054281948676027,0.6482830327081044,-0.25114683518648595,0.4165817510407758
-0.4982337637189611,-1.0,-0.7928563652609153,-1.0,0.34854082161168454,1.0,-1.7672580142459455
1.0,0.5478665698341767,0.41390912209428743,0.012689165965199978,-0.09206786820723678,1.0,2.6360886605245657
0.1446843341997205,0.7011980121973838,-0.30361614787952335,-0.6842949448146852,-0.10593793485950109,0.9474049478312818,4.888731021945967
1.0,-0.20255703999737956,-0.6660614696217542,0.49337842985124014,-0.9237387482275279,-0.38847123099450015,4.769090270127034
-0.5198772312266462,-0.18565094812878813,-1.0,-0.2089199161587018,0.5040878735198051,0.16783991318575708,-0.13750604818282186
0.6478311626297883,0.1687897991151286,0.7151027574942164,1.0,-1.0,-0.7561349389932155,3.4108687798846695
-1.0,1.0,0.9689195492646457,-0.30503706760189575,0.20557572517681008,0.558132375934833,-4.3434090090254935
0.4627939874073633,0.8663148093816535,0.0038144221953743535,0.46995903035394965,-0.6614809652112552,-0.7840305174217903,2.141199725282406
-0.0380620865550888,-0.19254927858212678,-0.28464608298414773,-0.03381580254050709,0.23426048529521115,-0.5724460924419229,-0.5123469860160361
1.0,0.9657698734471238,0.11123873838784681,1.0,0.5208983903114137,1.0,0.9185572997199782
-0.24292948350342503,-0.7189640317357668,0.20928959136410585,1.0,1.0,-0.6160481609899389,0.600009993059363
1.0,0.5255514230212659,0.9742895642588056,1.0,0.2523587826007859,-1.0,1.7672429433701349
-1.0,-0.33640974995360584,-1.0,-1.0,-0.2664415741295634,-1.0,4.108286715795171
0.7802534133724649,0.003383252974881512,0.8580235843964349,1.0,0.33102082533008925,-1.0,1.2572895780749453
-0.6994248702646542,-1.0,-0.06970019833457819,-1.0,-1.0,-1.0,6.400490577389767
-0.14503342615232095,-0.9195572391595254,0.05634836717170674,0.15682297234118506,0.5559527243255744,0.8606327897533992,2.017736584302655
1.0,0.46768942541080705,1.0,1.0,-0.1912796904013235,-1.0,4.3761330732272645
-0.9018752724831591,0.6600744000504174,-1.0,-0.8786713061147213,1.0,1.0,12.069385709974624
-0.08769212716914287,-0.8517192320057195,0.9385802032196195,-0.11234378639509918,-0.3005416739287187,-1.0,4.9085612274219566
-0.9098324002503768,-0.22364662779622813,0.3615250518258092,0.21643941981030823,0.060565952800368916,1.0,-0.039108816333892016
0.2986491585901876,0.598400657873071,0.1385870306173489,0.7777013710463625,-0.11005293469133381,0.1279918146685125,0.2630883825653296
0.08399481405654141,0.8430635272983361,0.41451727473012945,1.0,-1.0,-0.17463677637459463,1.7229894805607584
0.7804517113754583,0.92435941192493,1.0,0.35575284347615654,-0.20740022408547176,-0.530220690789084,-0.09421803234420383
-0.4949694448817268,-0.08659535306690393,0.7151425912728292,-0.6880571902746233,1.0,1.0,1.3568290352337362
1.0,0.7218203982334648,1.0,0.014550397951948124,0.14895616012096538,-1.0,1.6918561172012891
1.0,0.9544288694770094,0.8382158195292679,-0.3666932607237116,-0.17189023484523136,-1.0,2.097949359448942
0.8675509161126816,1.0,-1.0,1.0,-0.502753121573853,-0.37904330160536404,5.50868921575486
0.6223823789437607,-0.12307863838473351,-0.6494301036004457,0.7858436304146839,-0.3656838950806331,-1.0,3.658847986764992
-1.0,-0.5896793168232269,-1.0,-1.0,0.0971717276219467,-0.04309604365083183,-3.861455463534453
0.32433768641406535,0.5185487315074659,1.0,0.42364334631343614,1.0,-0.1667002003170075,-2.093627703648841
0.4223109036970226,0.48621447774867466,-0.2696713662812291,-1.0,0.8909429084780424,-0.23259989031758688,0.038008081082118034
-0.9830881853793022,-1.0,0.5217415318609946,-0.28714044236855735,-1.0,-1.0,2.996261913213282
-1.0,-0.9413806688626435,-0.13355361742896743,0.426337302078718,0.765535200036818,0.18044312814895114,1.1395315778136033
1.0,0.2893445059508706,0.06750771166827474,-0.1650069616301932,0.6182578169028128,-1.0,2.446815898699991
1.0,0.4537960678299779,-0.5031408504374457,0.40599632159375587,-0.1338078561242092,-0.5431067545505242,2.0099118238176827
1.0,0.9384233364256775,0.6153968713013067,1.0,0.14099514801837987,0.28386953190999065,-2.026471258797685
0.03512584539158761,-0.34474601278641676,-0.2910144187950272,0.9079797914714969,-0.2647262823184915,-1.0,2.823307270157562
-0.10101918607780791,0.3135123869931975,-0.2701763120273902,-0.6663580155031446,1.0,0.9097499079639315,4.503210694189203
1.0,0.5811844252571636,1.0,0.8171657322699002,-0.23981810879132948,-0.454679349569322,1.8027081012819566
0.17394205598846407,1.0,0.2892856559224174,1.0,0.1655136072906793,0.12025271804859539,-1.3811927296970647
1.0,-0.6797694698906815,1.0,1.0,-1.0,-0.6618439827042047,8.630366295452554
1.0,0.8520687431424944,1.0,0.055623557266204715,0.5922533073450222,0.8511566147656776,-4.685861970389123
-0.7056504535599363,0.2888709339147604,0.8224405947454758,0.6105319865282839,0.15993881600389348,1.0,-0.7105274784869458
1.0,1.0,0.8182922487399951,1.0,1.0,1.0,-7.872548803998011
-0.8041487461111774,-1.0,-0.032716649661760355,-1.0,-0.8755618809768241,0.40078575560836444,1.0977936147869978
0.12739193941229843,0.1509778322868045,-0.12015012873271497,-0.7329013201393705,-1.0,-1.0,1.6639889105946608
0.15557148209705896,-0.09031430312112265,-0.3301297082771919,-0.7067880276884082,-0.17896901052522973,-1.0,2.4734860175111777
0.6452106250801095,0.0573425496660136,1.0,0.2180154547966684,1.0,1.0,-2.8734267905373954
0.38324548566144645,0.11521936487878814,1.0,0.6742014460074173,0.30730598626773453,-0.5935787907098976,0.5192637987825839
-0.5606402487392861,0.2002701281166302,0.21394889749058132,0.34136103942007534,0.8306620797172046,0.8457792428547257,3.5489605843788334
-0.9573375464143912,-0.5596669623135127,-0.35548504655868374,-1.0,0.3786830441066187,-0.7146493636025653,3.479183702726311
-0.23137784537979267,1.0,-0.40121734423995314,1.0,-1.0,-1.0,5.349587861045453
-0.29709454054587825,0.6902431210379634,-0.4415319635411457,-0.041595709140186954,0.20046928233030137,-0.22203091175646428,0.6769030214838525
-1.0,-0.03352963319430868,-1.0,-0.25316829948983477,-0.6566910964140373,-0.7290061225140443,0.25989792253319377
1.0,0.788609837538923,1.0,1.0,1.0,0.554708254772191,-7.794709519326356
0.8623614387846599,1.0,1.0,0.9675657560385047,-0.08845211948502629,-0.8364531969247496,1.355368942416662
-0.8393584058825978,0.39922690222409263,0.16521878804763057,0.02298692738760577,0.11076929150330057,-0.5518365425493458,0.519636379947285
0.8829851095008078,0.9174009895769493,0.51448151577337,0.8926916068051973,-0.48458542867031973,0.8419387824156859,2.4199157385617607
0.4154201841740119,-1.0,-0.41927525477566396,-1.0,0.04188684970645584,0.13921034616059602,-1.4348447151563688
-0.826622379530044,-1.0,-0.40447389514399273,-0.5916547130468247,-1.0,-1.0,3.660908275547463
0.5462800428052705,0.43517862288169795,0.7240246294030983,1.0,-1.0,-0.8884355660159053,4.641698872768872
-1.0,-1.0,-1.0,-0.6249739391551723,0.476197571226992,1.0,-0.35732244395610635
0.10336509005447847,1.0,0.16198951067884826,1.0,-1.0,-0.7718484342627663,3.1009697527171185
-0.7482615902103855,-1.0,-1.0,0.38074398743834614,0.4776267565434904,-0.518781522258172,-2.4771762325552507
0.9152659601900719,1.0,-0.3494435073016704,-0.6058817233212163,0.5336328446873371,0.7390272680374035,3.5932358372607727
-0.5487090905108689,-0.3412200110574213,-0.3505801240140636,1.0,-0.24268761332383224,0.4194771521531748,0.737554912450642
-1.0,0.47129249605404316,-0.018365237520495403,-1.0,-0.30410364083124675,-1.0,0.01651341026836954
-0.6817671429170035,-1.0,-1.0,0.08260956552407861,-1.0,-1.0,-1.22883534341174
-1.0,-0.6624446647992357,0.6134695455104971,0.03688396496871016,-0.661723407615606,-0.41749074540000874,0.844781920076223
0.5098004962529477,1.0,-0.7055792659734321,1.0,0.5606688030465381,0.08851464995990252,0.028658719930380883
1.0,-0.023234109868032315,-0.3015898479748671,0.7104227574232774,1.0,0.7943955818394137,-1.7412053938840457
0.705304188217976,0.4977482148994239,1.0,1.0,0.8522112311857006,-0.3384539535974692,-3.660696866401014
0.7438644491719906,-0.30495623008893946,0.4463932003436907,0.885073052049792,-1.0,0.07886154718179628,2.728279998111452
-0.4112395712737631,-1.0,-0.6192430545001399,-0.6093822354538552,-1.0,-0.03585517043215214,0.5576353499003499
-0.4139051756940303,-0.7257341101918355,0.19060985862106938,0.8114049354351679,-0.9850457653583622,-0.8378956214703541,1.11163557055019
0.1433860211642158,0.718221055535059,-0.01021207754828346,-0.43315248049551336,0.4358347223552237,-0.46719720855260727,-0.415602071417141
0.2268712374924171,0.2140948455946688,-0.6502405799592395,1.0,-1.0,-0.8912597497602082,1.1900252705025371
0.5428648086082818,-0.907465156172287,-0.7628436599138136,-0.06680560099744465,-1.0,-1.0,4.742652003984531
-0.7841434347599879,-1.0,0.13347531816565072,0.09157875916876296,-0.022450529239953942,0.43178111564866567,0.9108575746189497
0.21828993831550253,0.10017310360520754,-0.4324684354589295,0.49979197893777805,1.0,1.0,4.284851752934583
-0.08420155724192357,0.3889494710190857,0.628177499624681,1.0,-0.6307171532927716,-0.20999417250607522,0.23828187240791038
-0.621929688949217,0.03711069900161912,-0.0019810132183828433,-0.6935443048823031,-0.8490740758261613,-0.13781249259007933,-0.860082479862694
-0.023054628223184492,-1.0,-1.0,-0.6734473319156495,-0.9149696151787968,-0.3336278333847118,0.6194274911423722
-0.18212934448339047,0.0763586250241681,1.0,-0.11787725205399235,0.5845031993638512,-1.0,2.4825817300353306
0.7251849745315664,0.6314598216674374,0.23690377227112336,1.0,0.2203759998326278,0.9191403540603272,0.9874853864660889
-0.7565216074850217,0.7699385354266735,1.0,0.23951492445657263,1.0,1.0,-0.8449141361425175
0.011753559301938887,-0.7943761172455279,-1.0,-0.9572965319359166,-0.25149831580994086,-1.0,3.298349390849318
-0.8609072762430143,0.9195802895948244,0.5145418253558889,0.052071400985764904,-0.6627722825007252,0.6451851999473909,-2.19289751472382
-1.0,-0.8838055732840319,-0.055351364395557656,-1.0,-0.5402859161922438,-0.712416268443836,2.583242336515132
-1.0,-1.0,-1.0,-0.840937353940056,-1.0,-0.4530547679944774,-0.915521448031285
-1.0,-1.0,-0.7544541887705298,-0.4360118110337081,1.0,0.45723853392422303,-1.9478490639824837
-0.6883293231242608,1.0,0.6610244704744207,-1.0,-0.5700115444505549,0.38029909429041897,-1.833846198454109
-0.36759080853769355,-0.234636596836923,-1.0,-1.0,-0.12212587858877055,-0.6143875399113548,-0.5780403943772965
1.0,1.0,0.4609418783086259,0.4619532708398577,1.0,0.24859371453783694,-2.8679755010773698
-1.0,-0.9279785514595169,-1.0,-1.0,-0.31419811320970936,0.4481647030821625,-5.9106428664606385
-0.5432804988871341,0.7950539850463082,0.11502114294133625,0.8475929544320702,1.0,-0.10937581878190628,1.4011361943725371
-1.0,0.5991211249191799,-0.8168574681705509,-0.36905375383767614,-0.04599063764015299,-0.4514688880485811,0.008738085346568392
0.2240290187584661,0.4544037903612579,0.7585381988646966,-0.4993794454499263,-0.12770861320319438,0.6254971273485556,0.11854843466360311
-0.8481216449711183,0.9557160253480672,0.6637651349021394,0.5356528665218998,1.0,-0.32942725980602283,-1.011248803524341
1.0,0.5943886316450308,-0.4341884736918989,1.0,-0.7201254409181952,-1.0,7.525523881737461
-0.5576514619636355,-0.34780855009053424,-0.4969102059235253,-1.0,-0.6284139884874221,-1.0,2.493119670827751
-0.11830326152319352,0.6645184889373162,0.08941932193581287,1.0,-0.3859511357223213,1.0,1.9001175660560012
-0.22288823341098052,-0.30315829310364995,-1.0,0.07684921384960947,1.0,1.0,6.763056710322302
-0.8399189268416258,-0.17938418414255164,-1.0,-1.0,1.0,-0.444848612418779,0.20199850165827166
-1.0,-0.9179446977246277,-0.08337895498060519,-0.9560019705940872,1.0,0.8922897536469796,2.4844373797191746
0.8594540418994379,-0.03720407289275307,-0.07078119498918212,-0.2962574173689805,0.328298543158106,-0.5051123636292083,1.2963369955514243
0.1143292105442435,-0.8791418636411813,0.7641878550968773,0.500821598890941,1.0,-0.24801742164076196,-0.3269852902119613
-0.5113530839014065,0.3583324109530476,-0.1607551256328188,-0.9251666266703377,-0.6303971893657647,-0.6957340153625338,-0.567665909834311
1.0,0.22221591195123902,0.1982253642569124,1.0,0.46155501304216273,0.6768192585620929,-1.5940862039671464
0.2666984346602206,0.6534140217577943,-0.6091148082626727,-0.7299374170687563,0.5953654896616516,-1.0,1.1748378003255004
0.4221365524055653,0.864167860732791,0.05568323554861043,0.4094446546219454,1.0,-0.33644055193997285,0.001922804581582005
0.3538811232554527,-0.19096694574239714,-0.09229921699513322,-0.28578546909117963,-0.44809622218129763,-1.0,3.1369646266224667
-0.2171873675414313,0.25206469511621965,-1.0,-1.0,0.03656781673928611,-0.49536942830881237,-0.9311810977882677
-0.37468857183466875,-0.07498940175329838,0.9513073909147582,-0.12385201401577506,1.0,1.0,-1.132945251842852
0.03173182701621946,0.26887966758533377,0.7735032716822625,1.0,0.2706427026845243,-0.8760033356232984,1.1398787512396713
1.0,0.4174203431143886,1.0,1.0,-0.17978304354826263,-1.0,2.966529580318552
1.0,-0.06435934172189796,0.03957206496687471,-0.17651668908816992,-0.6237301053170758,-1.0,6.955903246781821
0.7411766417074298,1.0,-0.6631317003422986,0.20255234148878232,0.04976284822269611,-0.27583047273945516,1.182676669415725
1.0,1.0,1.0,1.0,-0.14536737255503585,-0.5566362867129273,1.26285450885263
-0.4415917896004221,-0.5306389067473007,-0.48225298154167784,-0.9379292316382307,-1.0,-0.35548629853669245,1.7129722045150186
-1.0,-0.04263331001207654,0.8808813419970299,0.4235983878666841,0.5026389910946276,-0.03569705461560935,0.5353511957217116
1.0,1.0,0.3913209325865872,0.02193906702413695,-0.6535343005843972,-0.31740310062358335,1.6929323243282588
1.0,0.4661592918917794,1.0,0.3870825537024052,1.0,-0.37566699252359514,-3.327331066520713
-0.6374002229221438,-0.9635522511997838,-0.34471633916950245,-0.4275694491276729,-1.0,0.8532524847593329,-0.36606282576103
-0.3362611490851938,-1.0,-1.0,-1.0,-0.6460582097096759,0.009261477098064672,-2.753569969188039
0.6148242931512533,1.0,1.0,1.0,1.0,1.0,-7.822424007856968
0.46812275720915797,-0.6237957645064477,1.0,-1.0,-0.5952226807518787,0.8806690293215091,0.5046803718190858
-1.0,-0.7682731280363709,-0.02520008344577196,-0.030057529682512074,-0.3439089549173722,0.922042403988855,-1.2455393912268546
-0.7111932176848945,-1.0,-1.0,-1.0,1.0,-0.005595566746686459,-6.336129435806509
-0.5164508424874861,-0.32169919712742123,-1.0,-1.0,0.020269598744252493,0.7711483542737547,1.3040045112924736
-0.29453788778002166,-0.2112508549034442,-0.5140567281573603,-0.5887968201642061,-1.0,-1.0,1.7655667892599913
-0.29801696563497815,-0.6182018284459919,0.9245906048832127,0.7506783108403302,-0.7176149297072618,-1.0,0.5719931462500889
0.7310808096482622,1.0,1.0,-1.0,1.0,1.0,-0.21136949689145823
1.0,0.8824402834755689,1.0,0.37210856685371185,0.06523516411340569,-0.3515079920809782,-0.1725014922396232
-1.0,-0.7231859463815478,1.0,0.8975138571499452,-1.0,-1.0,-1.866371412190252
0.668580175207614,-0.4096949616735621,0.6145690359327755,-0.09111516503047334,1.0,0.6316450704218038,-2.6847119779829627
-0.4057511776449102,0.6223343925930905,-1.0,0.19321345232222625,-1.0,-1.0,0.6375274348992035
-0.42293965814478907,-0.9557578033057654,-0.09656125950732575,-1.0,-1.0,-1.0,7.381366471031369
1.0,-0.12019843280231768,0.30525592737270624,1.0,-0.2042448504251494,0.18968322804125493,0.7547973340000614
-1.0,-0.14338838129709974,-0.8964415098607488,-1.0,0.057373767713670976,-0.8882752726716678,3.100359338734204
-1.0,-0.5975696211790156,-1.0,-0.044487250756796826,-0.8257483434949616,-1.0,1.4161459602622521
-0.06116318677281107,0.6634105741371559,-0.3696477391146375,1.0,1.0,0.289617966527846,0.7414970060028871
1.0,1.0,0.9443455427433463,0.18951497304083031,-0.49508640427098055,0.774528553471871,-1.3650260683465685
-0.1345621168203166,0.02745496238422268,0.16694680542456203,-0.9952311479577766,0.9794632214014056,0.9510772074519738,5.231846119166525
-0.8847233774540364,-0.6086305383687283,-1.0,-1.0,-0.5144684273782592,-1.0,4.096799978300453
-0.8605891593135999,-0.2322913951097686,-1.0,-1.0,-1.0,-0.09125789846513707,-2.3826680782541247
-0.13057461570834672,-0.11883005326546575,1.0,-0.30365025607210816,-0.7489351461700648,-1.0,1.2528696040161427
0.20511533899427925,-0.24381259994894577,0.18138121005849772,0.10938889287323234,-0.5155874520197621,1.0,2.6024233128704894
-0.8699258793993889,-0.3805334150193287,-0.17787202877068253,-1.0,-1.0,-0.6560592664057052,2.386715990537369
-0.5230307525874498,-0.5632241485095411,-1.0,-0.08366600876680752,-1.0,-1.0,1.1011100719219855
0.5542058408254196,0.3796576140905099,-0.298927908427451,0.5147018512840401,-0.17306423104417323,-1.0,3.4362246236992293
-0.31551917107173,-1.0,-0.07859250846965105,-0.3636531497450495,-0.37784340641994385,-1.0,4.060951431253936
-1.0,1.0,0.2976870176299661,-0.8358828108684428,-0.5015083931818356,0.655148580200938,-0.2810558739124637
-0.01823664686670301,-1.0,-1.0,-1.0,-1.0,-0.15411328064936392,2.4528341782649914
-0.9118883906502053,-1.0,-0.37481516725846764,-0.9795560754384289,1.0,-0.12301777145252657,0.6502361271983808
-0.6383000559305313,1.0,0.48471604863348916,0.7512818645848626,-0.8610416177683412,-1.0,0.7852392802174449
0.10468085902968993,-0.21223875307955586,-0.722727266045251,0.6547692180709135,-0.7416549142827222,-0.8550170128515779,0.13971699653587477
-0.5644281196335625,-0.012836415563434733,-0.5430583837070537,0.3759302631244216,1.0,1.0,8.064633810593438
-0.11599010907663909,0.511572343354349,1.0,0.4183390179188251,-1.0,-0.9951253040924223,-0.596269175335854
0.09821967929220121,1.0,0.5757532280265638,0.07621774276579556,-1.0,-1.0,-1.5889055887932027
0.38054858719649065,0.668797541449683,0.2989952607404975,-1.0,0.24709494274860355,0.4193123450830464,0.502423623597792
-0.8513657743394808,-0.6901471479341241,0.7473556000699804,-0.5004484387441819,-0.6711026807909323,0.7903842425022116,-3.538377995374677
-0.3124463487552439,0.07131005894109099,1.0,-0.013440564587603343,-0.1747547802055121,-0.3214641002944845,0.6637169874350342
1.0,-0.17338357265142634,0.3020634026716833,0.27485403478264636,-1.0,-1.0,8.10258440144696
0.14919510463204022,-0.7055782235935779,-0.4952310985451316,-0.8763822919466266,0.6355031084381306,0.6000268372225795,-0.6821876248396356
-1.0,-1.0,-0.9718193158083062,0.6588008838117286,-1.0,-0.5852807895253953,-6.126068257457604
-0.7678083463651922,-0.7493264805536062,-0.09960739527844154,0.18080266279419888,0.3904452816870029,0.818897787502433,1.1100293494022342
-0.39041018734827815,1.0,0.5921422042137087,0.3685740103177647,0.2613005987720526,0.44142451690119855,-1.7241794316830323
-0.14858788920623905,-0.12468907907718035,0.4640655305359629,1.0,0.3768652373417084,-0.854255164910087,0.8112926006847987
0.7100834730670439,0.6301152311040563,0.5995842569619853,0.7805999817737874,-1.0,-0.448778167164266,2.9189686571181204
-0.558306013411692,0.0033003209892090712,0.2900673259980731,-0.9686799465915162,-0.14520492101677823,-0.36248636795127287,0.4815689757562355
0.09942823246671617,-0.540179622172001,0.07360789221760977,-1.0,0.31245347008481006,-0.4703088305060368,1.794315732898109
-1.0,-1.0,-0.44520477727137564,-1.0,-1.0,-0.8613730956442993,3.9355267707711574
0.09275725092473819,0.2105705754808314,-1.0,0.4352454363689648,0.7951146975120277,-1.0,0.6064736944990368
1.0,-0.28929238322918893,-0.4460202431286675,0.7263574090445414,0.12033692361893367,0.12619105620543053,-0.41537056219605795
0.3074894772523232,0.0420823842958703,-0.2492110085379224,-0.661383964996394,0.18178499839388085,0.6397743069177103,1.1641719824515555
-0.9730713305011839,-1.0,0.022663510497307304,-0.6873269647710354,0.013218390362777832,0.8459411837783483,-2.1275530932363953
-0.011841163061021565,1.0,0.6413207326206305,-0.003359640091720517,-1.0,0.4275340136215714,-2.0597051382676073
0.25501289442776165,-0.26189053281461283,1.0,0.5712899942124527,0.2544924734379157,0.5193375368643948,-1.230996441117406
-0.5629508733007571,-0.1855997649364477,0.09758607133395114,-0.9382955667990717,-0.7999871760567028,-1.0,1.6004503209637173
-0.45838272326250007,-1.0,-0.024865247543682356,-0.2674957768740325,-1.0,-0.6648409028836184,2.084862646154286
1.0,1.0,0.7563934318518111,1.0,1.0,0.0285294998804336,-6.9875278901381925
-0.5125975252594899,-0.3432944462071871,-0.8089390574727944,-1.0,-1.0,-0.5393423570191023,0.4144005742876454
1.0,0.38381684725451864,0.0019732467262737474,1.0,-0.3794705972951583,0.5842280431047628,1.5958246527201636
-0.14078775536714883,-0.24238378006232397,-0.125489465862908,0.0037396338573387755,-0.6423740944214669,-0.913162159232336,1.8067974457061067
-0.8808570264113204,-0.9341322649167958,-0.041671313299310786,-0.36021347694761985,-0.6176965908472851,-0.957389429494703,2.0188988462673807
-0.012226692223000879,0.14813886159808298,-0.5260380340861708,0.610461573635936,-0.048688080120421695,0.9112709174746791,3.1422492833351234
1.0,1.0,0.7876928214801411,0.6655562931907075,0.2363582385059496,1.0,-4.904493676104725
-0.30120039828561096,-0.4792055370278858,-0.22105261964943645,-0.6408036481036734,-0.04060312134288724,-0.835116457488379,3.1089458699512016
0.9868175429932331,-0.9123366178927328,0.3623065523091613,1.0,-1.0,-0.8763521256948779,11.47156247163424
-0.9360825933336461,-0.5844285161871905,-1.0,-0.8511558812504523,0.5709037961233622,0.523244568131249,-1.8842271504213315
-1.0,0.32064210275215216,-0.4542336629265131,-1.0,-0.2602934367994475,-0.7387124229836104,0.2510472415793147
-0.2160532854800462,0.6667019955792596,-0.1434851081208862,1.0,1.0,-0.6346671365573623,1.563221228864708
-0.4067294720751361,1.0,-0.12311117296275936,0.10084001602797477,-0.21558607588607015,-0.46051166976939073,0.4653997309838774
0.23777601732144776,-1.0,1.0,0.015266580556519305,-1.0,0.335918741142047,2.1587438531703373
0.2012186627391559,-1.0,-1.0,-1.0,-1.0,-1.0,5.733442795271468
-0.22545258368485488,-0.29682202127747404,-0.1909209553092252,0.01564119953603549,0.44274112875010213,-0.2844846497457245,0.4319988875464146
0.9472028308364129,-0.42475062373457495,-0.9307554810538575,-0.43033812990970377,-0.03866630234255486,-0.20413007605830313,0.20073752229345254
-0.776474251216507,-0.9123455286497852,-1.0,-0.3562057995202425,0.34671985124836335,1.0,3.7815423440449845
-0.11546776100877443,0.6286448768782315,-0.8650445541620757,0.5974877650270226,0.9225355817141341,0.11269448687790418,0.1476311470203383
0.5963853602449825,0.22514017730707203,0.20889090726401283,0.7354306861316975,-0.3926835862766586,-0.7321967879687932,3.1832331622317493
-1.0,-1.0,-1.0,-0.003728099281536723,0.3029054952080556,0.4012465204956968,-2.415715644953563
-0.2792842020297404,0.9915851296017627,-0.5660747754834589,1.0,0.6469398501154685,-0.794308781961307,1.9002869707701304
1.0,1.0,1.0,0.4695908457093789,1.0,1.0,-7.4932450545963665
0.13320086290472588,-0.8105743323484075,0.44792381517077073,1.0,-1.0,-0.0010392472153725185,3.487544066667146
1.0,0.7496989560732819,1.0,-0.2839486115505989,-0.9440942590696733,-0.07889484234548583,2.869559858175452
0.5676525827782208,-1.0,-0.6812888593895615,0.17610698029772212,0.6674158028573491,0.7482425566749357,-1.4929412426051303
-0.7337935811200025,-1.0,-0.05615521256182765,-1.0,0.13396260664498572,0.4036951968499142,-2.3489659017659363
0.5707279268465691,0.41592958743949937,0.0007272040854217066,-0.8751189487278501,0.46889856214148773,-0.10104876453795694,0.2992942977352267
-1.0,-0.27836186752464254,-0.11830491524998052,0.4660955321871511,-0.11519455426288916,0.5572724878017867,-0.33063988647120035
0.33783964794011967,0.015787017727454167,-0.8220211848747669,0.3846499093714497,0.6383606829555031,-1.0,1.1806867456918702
-0.9691354152945301,-0.9576257572649065,-0.9075773994887562,-0.46941459576614053,1.0,0.03594771293071419,-3.164486826574617
-0.2369667200062735,-0.030935318992030947,-0.8556942279859313,-1.0,0.4815673536291485,-0.012133258312964301,-0.6066434486713281
0.14695248918990006,-0.512426254748156,0.2770295446673021,-0.877334245343865,1.0,0.23020899578521137,-0.5383495780720993
-1.0,-1.0,-0.3830421541649638,-0.8551968071430678,1.0,0.07634631666428304,-0.16050881096178393
-0.5413537634749079,-1.0,-1.0,-0.04873052232355968,-1.0,-1.0,-0.051991298410421216
1.0,-0.21625693058468246,-0.5796835188159638,-0.7300496258385175,-0.7085317228298922,-0.01662435630720016,2.631632458544689
-0.1870653327525844,0.5895452393437048,-0.683931532273169,-0.6670806918517851,-0.26477652493779114,0.4544320196073739,0.9074196496839472
0.376119018823672,0.42643805768287535,0.9470755054568115,1.0,-0.6288716812614101,-0.6328549803227848,1.6250245719871188
-1.0,-0.7655598918062219,-0.5575673737887993,-1.0,0.5223792885824633,0.20976566947625036,-1.5393327666635688
1.0,1.0,1.0,0.18857754719690556,0.7713956923482305,-0.7026596045483197,-4.117122170326437
0.3734249033430117,1.0,1.0,0.5903040126660333,-0.32772099957130685,-0.827806524789106,0.4869937110706619
1.0,0.9216837822939234,1.0,1.0,-0.4011335111839691,-0.08262375550997893,1.0483159655433276
0.5206566939021875,-0.30304443935193565,-0.6547566137106227,0.03646026725418039,-0.4550900442712642,0.9675555247892981,4.703869674962529
-0.041227472752112804,0.30513754342923016,0.12052326348098552,-1.0,-0.6906727332886989,0.012420944391377808,2.4431000894613257
1.0,1.0,0.9757923615505364,1.0,0.17967750302068458,-1.0,0.8025968289153907
-1.0,-1.0,-0.3124401111977788,-0.020270157239091535,0.9843627054712196,-0.2290278225514073,1.3610894023470597
0.9734164240735874,0.7844111937948918,1.0,1.0,0.9164559347381772,0.49404954615841934,-8.335376316460348
-0.6322895698447093,1.0,-0.8501225221011972,0.553097175197229,0.8884256526399089,-0.06824133047253575,2.048771387646463
-1.0,0.7347277777614465,-1.0,-1.0,-1.0,-1.0,0.5901823397292951
-0.4194111563721146,1.0,1.0,0.7344086019193592,1.0,0.6015922297105036,-5.3883090198780215
1.0,1.0,-0.09922545321773563,1.0,-1.0,-0.40576145370737526,7.903523914588816
-0.7328105534623861,-0.6374729372204633,-0.5624704569786095,-0.08892748978077969,0.6604714730401638,-0.9601823505540799,3.3500268538149953
-0.2416968068085671,1.0,0.6063436591678798,0.16186051088903403,0.25576865083408296,1.0,0.1676989850045595
1.0,1.0,1.0,0.6229095654060977,0.16807023718483016,-0.25690612022017556,-1.6280066449235888
-0.11915850733725236,0.8112832204258573,-0.24420513396733579,0.41952387215601195,0.5047043290698122,-1.0,1.4860015201426904
0.16108074980031142,-0.12916150860405048,-1.0,1.0,0.09625514017004466,-1.0,1.3867412592356945
0.36706321670868447,1.0,1.0,0.023397361583266107,0.6665577364299444,-0.6167861107260959,-3.0747933501761846
0.3610614636358167,0.918733113796963,1.0,1.0,0.17955788258343836,0.9821198094509794,-5.333321919136322
0.2169599355143898,-0.5479449116000576,0.03388837838787459,-0.11461303279885537,-0.4053227820615277,0.3434279533808081,-0.2188769023706289
-0.08892868868166098,1.0,1.0,-0.09954661658452857,-1.0,-0.6945994762844825,-2.7041484420483792
0.8578200857370787,-0.4378092845632878,0.6332096967070413,-1.0,1.0,0.6448226185274488,-4.209669186823316
-0.03130989878656165,-1.0,-0.5556892365459296,0.03816392240527644,-0.20016319817299677,-0.09521574262297006,-1.0654174378085721
0.6190911105616179,-1.0,-0.6664763061979486,-0.9370487047986396,-1.0,-0.6682791972072682,7.671058236146974
-0.6116581797882754,-0.7550516823477296,0.5280378281457745,-1.0,0.27844758876504805,0.15465210994656164,0.034781826839309526
-1.0,-0.053364771949507395,-1.0,-1.0,-0.3495573240878391,0.33960863914727957,-2.2020212949468734
-0.4761310092196339,0.8595139626776966,1.0,1.0,0.882858081325359,-0.28992936663949626,-4.193262014382407
-0.40391280292683335,1.0,-0.09936485819045227,0.7494587924029668,-1.0,-0.281021240426665,0.17677001676684045
0.18294086248350475,-0.6205692305425724,-0.7926457043369999,0.061995122259447366,0.7392669051375391,-0.32970507591363013,-1.6412532386527665
0.785358137265264,1.0,0.16787826190715793,1.0,-0.8735224579386149,0.16961682871654196,3.7797768424004468
-1.0,-0.4507199460069282,-0.03967796665322043,-1.0,-0.771213293480322,-0.5083558808336701,1.6003264743407986
0.6958245180533177,0.12287735637376396,0.5572713244068909,0.023691169826208003,0.8357607394181379,-1.0,1.0466957086532498
1.0,-0.4623087307130422,-0.3447559891285328,-0.7663780175411522,-0.6655157852910845,1.0,5.786049760175578
-0.8888895040093805,-0.2082976201454252,-0.27820859154878264,-0.19769339557990473,-0.07219837977331456,0.9374389439917696,1.945316793103117
-0.5853006657011335,-1.0,-0.5091015708147535,-0.8903118425102106,0.9947290058436007,0.10994463460569925,-1.5417352903353039
0.24776493572928604,-1.0,-0.6607177516728164,-0.09346267670864108,0.8181202176646566,0.5443260995182975,-1.4763069126438078
-0.020872314180433935,-1.0,-1.0,-0.7240647279812292,-0.816868377255719,-1.0,4.280445917768308
0.4262893351881179,-1.0,0.6641455771606032,-0.5739716944947654,-0.42682531461902173,-0.34217627242690746,4.517001951842344
-0.2821250580176262,-0.054051537927446824,-0.9695322999238809,0.4821653349771782,-0.4896853197703833,0.37233168029880126,0.693647928672348
1.0,-0.1298660677993585,0.5408924410409095,1.0,1.0,0.10246046355594085,-2.9149365874391777
-1.0,-1.0,-1.0,-1.0,-1.0,-0.12288780095253116,-1.7796723669827799
0.7466464887496699,-0.6273524727990465,0.5274576215260901,0.9734966798963464,0.3434883513625183,0.9741359542683061,1.6139723150641696
1.0,-0.5855375506161822,-0.7410546216968866,-0.23336170590137617,-1.0,-0.3371518489580472,5.63124198376352
-0.2951409746629451,-0.3496020856144467,0.26342863433484076,0.36603315832831673,0.8179151536942835,-0.08506019047484308,0.7187200809412215
-0.9631815563651396,1.0,0.71672983204116,-0.4155074390828314,0.290574974605284,0.3298672223951926,-0.930111868045268
1.0,0.9238060013688543,1.0,1.0,0.9594697225953044,-0.1858375877857653,-7.74345669813268
-0.28012453627697376,-1.0,-0.2165872304376455,-0.7785956945748187,0.7480104147520243,0.6313940001084457,-0.19335033786052835
1.0,1.0,1.0,1.0,-0.5159019471392523,0.019609468383724293,1.030177279446256
1.0,0.6556014910613255,1.0,0.734521490963687,0.08714466951457892,0.11411359615246663,-1.0207789554243087
-0.6423255130280331,-0.41901810508502557,-0.12208581950095021,-0.917396066776426,-1.0,-1.0,2.645285001768544
-0.581915639427343,-0.629445504779148,-0.6445257404371237,-1.0,1.0,0.9441479463779927,3.9304371523941413
-0.9822969918561644,-1.0,-0.28310099477631956,-0.10727223379590045,-0.9781611362665175,-0.9119867471099741,-0.1856650644399198
-1.0,-0.3486311659495327,-1.0,-0.90814299779695,-0.5712632697610375,-0.13193216273797692,-2.2515389675406188
0.5498893712259538,0.7475981342382878,-0.2891508013499454,-0.012551580518470717,0.6025967979025753,0.37170754287776997,0.11077454893619362
1.0,0.49895976790925894,-0.3597784782731435,0.665745460686118,-1.0,-1.0,7.113557198070985
-0.1380113222241739,1.0,-0.4005530250333121,1.0,-1.0,-1.0,5.892851665120026
-1.0,-0.728328757901848,0.3745624076598202,0.06866254590040499,0.46767806457035155,1.0,2.0177269643005022
0.38598003010031623,1.0,0.7829995812343551,-0.16800535569738317,0.46960944757295,0.013507054506893323,-2.4859541039984148
-1.0,0.38854701930762625,-0.006178351117351377,0.5648243621185366,-1.0,0.4859686004336728,-2.953851852354855
1.0,0.5061950025681292,1.0,1.0,0.05918044236505182,1.0,-3.5489758805808678
-1.0,-0.2604266667567874,-0.2861504824611294,-0.41717609786118914,1.0,0.7879466735779002,3.742316909155137
0.83762690532837,0.4658243865234498,0.5635861860397743,0.8840988457826455,0.09896931024688649,-1.0,3.0851533635319033
0.2252176900465428,-1.0,-0.12468446066818983,-1.0,0.8529864488594542,-1.0,7.036003970211483
0.7858098052150269,1.0,-0.4149688786677203,1.0,-0.8016272084858624,-0.9259921288471944,8.444693467838592
1.0,-0.06167955679957396,0.8784701518677291,1.0,0.1941546165919812,-0.056757729806962476,-2.061804888803424
-1.0,-1.0,-1.0,-0.40188563549555845,0.13114063721600666,-0.8695564481650792,1.7220775740651995
0.21588846758948155,-0.2105042137830938,-0.5184711816659119,0.59218053272321,-0.05540444522279775,-0.07253581830654166,-0.32640197933366893
-0.6540715357315541,0.36243551119702755,-0.09593527401947019,0.04621891262949529,0.050432294406876105,-0.5655431734857592,0.4995724823389608
0.40337531339730653,-0.07162472441783962,-0.17604918382590284,0.664203178377843,0.45329094560077143,0.9764767335811215,2.6833848299118266
-1.0,-0.2978730511615014,0.5117880857800582,-0.026174030693123962,-1.0,-0.1273717345111001,-3.0769199513501855
1.0,0.8090794644386847,1.0,1.0,-0.04163165923486045,-1.0,2.2255515173086144
-0.043661494769804285,0.4457903016057282,-0.462310535020006,-1.0,0.4378034779982977,0.6308390235089659,3.290035994785976
0.8155247455727163,-1.0,0.7862541673381092,-0.2194073252900734,0.6191788719298148,0.3115844954886784,-0.5407948364427635
-0.157304483673256,-0.20386102756049207,0.3598428335497585,-0.3173883831478266,-0.03848391156645703,-1.0,3.079584859617891
0.06920998500810027,0.39697490161355686,-0.22966128597819013,-1.0,0.4718090937153546,-0.0853548885740048,0.017030642463662538
0.4864172483069683,-0.11865138299136124,0.2800571984133342,0.09207333706896081,-1.0,-0.7250855587625766,3.206330365820613
0.2936310786058616,1.0,-0.23217167610355727,1.0,-0.9906327600774665,0.4597308499216848,4.057728664312215
1.0,1.0,1.0,1.0,-0.16850284995620607,-1.0,4.532260911549632
0.19084835737347586,-1.0,0.054768292329347296,0.31569978303555213,-1.0,0.4853822993165885,2.1816808081525476
0.40956188542500344,-0.9334523127033054,-0.30955345847253846,-0.9065416050131456,-0.5528463134902738,-0.3521638129540825,2.3547284063780394
0.6393889575416163,0.6056769063188266,0.3467537186912843,-0.12307046505983832,-1.0,-1.0,4.670008712157892
-0.2900639547488667,0.3448852972872958,1.0,0.6202510261130673,1.0,0.12715643655923997,-1.8723311618247387
-1.0,-1.0,-0.4239468903018587,-0.034722335198604126,-1.0,-1.0,0.39515137677193474
1.0,1.0,0.6061964692854453,1.0,-0.28296069866977913,0.5102213950335471,0.15604790460409862
0.26735332863842926,-0.3596642281498519,-0.32265737254031623,-0.11698707104676165,-1.0,-0.8961735535632571,1.3769477011653255
-0.24850438771702515,0.9621450735870243,-1.0,-0.011543937614618804,-0.9835859888707228,-1.0,2.6247543031381015
-0.648662814231645,-0.40093474635153625,0.04056815643253539,0.3320305941634018,-0.7772935268237251,-0.16759851254446456,-1.779890021808285
-0.6383895140128848,-0.07111873594700585,0.6061968439433943,-0.5539683807122009,-1.0,-0.8697381015375636,-1.464886539397639
0.28045272277869554,0.08247885939158228,0.3511230170779486,-0.6542687922812299,-0.32642100026818366,0.3797482446863518,0.7302917514659697
-0.8866383781296181,-1.0,-1.0,-0.39406876045310124,-0.8870056760983323,0.6007554428503795,-3.311540752820817
0.5681358887434141,1.0,0.06341813202577451,-0.2441802133352643,-1.0,-0.7279862268880466,3.134612912696791
-1.0,-0.7494311180201623,-1.0,0.46573021722200664,1.0,0.05738443072620014,-2.538643682669148
1.0,0.4710231725071597,-0.4395567067004549,-0.8497664927988565,1.0,0.7323994070518498,0.3492756651795975
0.6422244597186698,0.6656435324840345,-1.0,-1.0,-1.0,0.1735984224224623,4.353769693324907
-0.5674971363785111,0.6081783050586498,-1.0,-0.37480605038345305,-0.08028496089623388,-0.8080311487800392,2.206265328643508
-0.529159329720939,1.0,0.31124587785573865,0.5286532825892382,-1.0,-1.0,0.13084277434980526
-0.40330198757516744,-1.0,-0.15116597764879147,-1.0,0.7035491912371679,1.0,0.09416662916639473
-0.14546327301676665,-0.3582188951721723,-0.5708887892055959,-0.81972167926415,0.40461620500067075,-0.7215823919190713,0.6655001134767757
0.8480208623472647,-0.16430221459074035,-1.0,1.0,-1.0,-0.05261403512476737,3.9914136732274033
0.2746155321382524,-0.5091378552454005,-0.9335230136550354,0.9598476748827758,0.6705994115035796,1.0,5.586449477185507
0.14884710830726466,1.0,1.0,1.0,-1.0,-0.1551538276169333,0.1721439532656871
1.0,1.0,0.8263807597536301,0.8597060745243055,0.23282709930420165,0.23060033008534608,-3.9438453170353367
-0.894287816134547,-0.4698794388191694,-1.0,-0.18759415570390048,-1.0,-0.2621898039129458,-3.6367954196388017
-0.40731849925593044,-0.9761628777516027,-0.36616911435303845,0.2050356276169809,-0.2063538355691799,0.6420501857436822,-0.13014068762995434
1.0,1.0,0.7813982148329677,1.0,0.255925427920785,0.2752315927693285,-3.4119762823609165
0.5288983021281506,1.0,1.0,-0.5427075148639127,-0.3253537893342924,-0.23646437934229014,-2.376338735806576
-0.2841058604456841,-0.6393915109193145,-0.6540765687127548,-1.0,-0.9189377282486102,-1.0,4.433276380404411
-0.9496350384256669,-0.24416941423201555,-0.7341918936542494,-1.0,1.0,-0.1101727163537192,1.7337935904132946
0.3990897913208491,0.7129540996735597,0.9947516985726281,0.834939256166332,-1.0,-0.14652863714660033,0.4124997322461628
-1.0,-1.0,-0.001452437827860309,-1.0,-0.2869311474180764,0.21199598786872723,-1.216998831184819
0.20158451158993518,0.17156214983617424,-0.49585673779986533,0.40814015435052825,0.015635619735596684,1.0,4.499697023686036
1.0,0.8224210601609767,0.7967104925030658,1.0,-1.0,0.9823341667997914,4.155547612662005
0.27081003155845396,0.7721279697299304,1.0,-0.8940812044250048,-1.0,0.1992977861712863,-0.4037210367972465
-1.0,-0.3034394574286614,-0.8168052932574315,-0.7539029646727082,1.0,0.7034353337780725,3.419340395967405
1.0,0.13983895293754522,0.028696324976847265,0.7442220697618755,-1.0,0.7208542276111733,3.8525704899549695
-1.0,-1.0,-1.0,-0.7329936917777362,0.21805735315611274,0.3961606271299381,-5.983463068799747
-0.5645957750027424,0.2690451716611606,-0.3415088972653048,0.8662298811490704,-0.9926995694444494,0.1462702803089977,-0.797616451540183
-0.3410472696299485,-1.0,1.0,0.14320602070596397,0.5637247148262112,0.508057480628797,2.3539489627212387
-1.0,-0.41137407636077655,1.0,-0.0689522944702341,0.14299351330025586,-0.7641407292041404,2.2950487569410396
-1.0,-0.5330176031369234,-0.6707073485923459,-0.7000400185758462,0.8535398004111278,-0.4202847420151881,2.330961154643158
-0.8791731759678818,0.02724923324767392,-0.001466950031817127,-0.14200514192547325,-0.6333923319073029,0.27942518513145675,-2.127619763791358
-0.04085103227697247,0.1900896463098951,-0.7024042736940744,0.7219985802536327,-1.0,-0.5458132329933073,-0.20918016793927002
0.6741811511680756,-0.8475594601922962,-0.9149758290819577,-1.0,0.2370220555867022,1.0,-1.2129981699034182
-0.4637961723481605,-0.07926714762540832,-0.8036567443939847,-1.0,0.11715154754362,0.1884938626013717,-0.42928895647524434
-0.3443704280098757,0.8281187310484194,0.5856479182382727,-0.6984768717495098,-1.0,-0.7089768163442098,-1.8411703469538316
-0.6768360615126963,0.20727180073157148,0.2003928116791816,-1.0,-1.0,0.7864652920348716,1.7219731689964752
-1.0,-1.0,0.10620419656455776,0.06516231362465652,-1.0,-1.0,0.6796168168525811
-0.7721911602753055,-0.23740000186537302,-0.5374127657652263,-1.0,-0.1710368194803672,0.9979003081505371,2.656188282334229
0.4302241482737506,0.6952288289823219,0.9569643166553705,1.0,1.0,0.7522481223549289,-4.63406557885628
1.0,1.0,1.0,0.42053172245502024,-0.31287974312512573,-0.13348973831641964,-0.546543406561739
0.3028795849769378,0.2874685114288112,-1.0,0.25359165710464293,1.0,-1.0,0.45240523671610333
0.5057428434612682,0.2808878408398228,-1.0,-1.0,1.0,0.5151593863599095,0.9189353130869883
-0.06789097663778165,0.2213892618573705,-0.48872074851916797,1.0,0.5479534124741652,0.193634313768152,0.7852712396600154
1.0,1.0,0.8020078480148307,0.1994434653637298,-0.9351924430572994,0.7475638890092737,1.197206471023485
1.0,1.0,0.27753423958435625,-1.0,0.6378861661487278,-0.9530099871642452,-0.6638860338950687
-1.0,-0.7236489318694361,-0.23608659364167184,-1.0,-0.3553502890571498,-1.0,2.326278025677981
-1.0,-0.7950762644299996,-0.4331942162196406,-1.0,-1.0,-1.0,3.741987413044065
1.0,0.6868270632106128,1.0,0.37708375605033084,0.0675940022738526,-1.0,1.8677535028196788
-0.07548245193204578,0.7394627040759846,-1.0,0.13369836801793825,-1.0,-1.0,1.768916615012248
-0.521509076690875,-0.3378434416838556,-0.7253195388594658,-0.6510411263130402,-0.5729046299694052,-0.9942163337700656,2.780951922548789
-0.33178128778080596,-0.8254498028921744,-1.0,-0.13016699334517767,1.0,-0.3556152598010559,-1.338443407133716
-0.4515518728183726,-1.0,0.10929712002994724,-0.1888571744681728,-0.22904341819951002,-1.0,5.283603909582507
-0.48070111417106476,-0.1677453070476359,-0.8115682107239124,-0.08182394836046947,1.0,1.0,7.239224632481522
0.8583702609163626,-0.5119265606828276,0.7966691065588731,0.3116326897337487,1.0,0.23017851239813014,-2.8463449663457325
-0.3257442637816832,-0.6530554170788467,-0.6495376563236386,-0.1306730040279689,-1.0,-0.8117254072140723,-0.600553802738943
-1.0,-1.0,-0.22810966228646867,-1.0,-0.9127736855274567,-0.7995483679840277,4.479199998280669
-1.0,-0.9450146210527973,-0.515631510430669,-0.858138916433736,0.9173156864645667,-0.4590746183699146,1.26770555674312
-0.18028876674746208,-0.021447031008579365,1.0,1.0,0.5846482840075716,0.10599475630121336,-1.1185939307360235
-1.0,-1.0,-1.0,0.16212951603683667,-1.0,-1.0,-2.0076908399648916
0.610385380501853,1.0,1.0,0.5715956776065085,0.6496867560566821,1.0,-5.3092960312344974
-0.1236574248766833,-0.3920593076124478,-0.4832678404791263,-0.7629149539104039,-0.554461720012281,-1.0,2.544406629112436
1.0,-0.3320112363220209,1.0,0.43489559220613094,0.6396871862598736,1.0,-4.4332045227962835
1.0,1.0,0.6185165413491632,-0.334720702929837,-1.0,-0.14239520392007007,2.0308381852731534
-0.3186114181282893,0.27317230235246337,0.1464861585483433,0.4433991717850973,1.0,-0.9391476190375511,2.5492454584600766
1.0,-0.21617954718666815,-0.494009729423778,0.8229820074333698,0.7139618900672535,-1.0,-0.30312587210612585
0.6426163058165546,0.7975159162583936,-0.20001056577724757,0.36598042996327085,-0.1832456494130139,-1.0,4.31745685147617
-1.0,-1.0,-0.47550917858600716,0.6615069541876111,-0.6891278479926122,-0.7759465626647328,-1.971151128324904
-0.703613532294395,0.8054997733156484,-0.6835950393252191,0.668884913460359,1.0,-1.0,4.819364387789155
-0.6484711433500987,-1.0,-1.0,-0.494440246636624,-0.06655399785069682,-0.762367191290257,0.4508050178716574
1.0,1.0,1.0,1.0,1.0,0.7352468208285232,-10.358944961753222
-1.0,0.07542837798242019,-1.0,-1.0,0.16917415022800064,-0.09487328239841886,-1.2153875240424867
0.33060526000282786,0.21312440886561035,0.13303485203160148,0.48494639721126853,1.0,1.0,3.3486334654936245
0.008373510183120714,0.40231303760314896,-0.6893316920143087,0.012079802191637401,-0.9826272577900055,-0.9535703793034267,0.27709184339453546
-0.013264216462295586,0.3971521288640334,0.03607648636654526,-0.26655229834370786,0.04670614794725636,1.0,2.58360573350107
-0.7384072703178304,-1.0,-0.5827813203865004,-0.7559654635670596,-0.294310463946729,0.5653487118987662,-2.595588465381533
1.0,0.4955230365306311,1.0,0.4415475658511796,-1.0,-1.0,7.0415758067720935
-0.7024388890238648,-1.0,-0.018643114761569546,-1.0,0.3341087816505837,0.7749430331470007,-2.5165265064230042
0.20943747323761155,0.8130254948389641,0.18861049822789308,0.6955401444725755,1.0,1.0,4.510251572805451
1.0,0.28365172444398,-0.03535883228480641,-0.30206626228512745,-1.0,0.24701661014327503,3.107229982988148
-0.7900803112113396,0.36943547038247226,-0.30702027796494336,1.0,1.0,0.8655016214131235,5.827385139821866
-0.6661421420155984,-0.6083590337281404,-0.9778964022602696,0.42361083966611107,0.9364084015423073,-0.0009687122877763965,-1.4130272147276666
-0.8994250689177765,-0.937097425545938,-0.9618355602777868,-1.0,0.9754170471325017,1.0,0.2606174263586325
-0.11381856964192943,0.5055875637107776,-1.0,-0.7573084130062198,0.00806133469040815,0.25844343198583786,1.1064312364234405
-0.7144431862069834,-0.2637023186868372,-0.28245070693617874,-0.27684836748065456,-0.7245858032927668,-1.0,0.07283977482910953
-0.5606416455408997,-0.5944349158014064,-0.5862410974540718,-0.3585617096302702,-0.10427277420686981,-0.11367252764765223,0.06152009916129919
0.3578449543485296,0.06983565277799358,0.019007025068916272,1.0,0.3658205472991315,1.0,3.065685506056022
-0.956040839668514,-0.10439454287342331,0.7375950039559241,-0.24271182140097258,-0.162536917480861,1.0,-1.7466879324599829
-0.6400459707370172,-1.0,-1.0,-0.49630928601073476,-0.8473522831353821,-1.0,2.7929291371994722
0.6408178897898251,-0.7798467916797333,1.0,1.0,0.3490276144852956,1.0,-0.3078963942948266
-0.831398041892234,0.2732913577178282,-0.23288071463664295,-0.3499093984884508,0.5454332906424811,1.0,5.37237045153721
0.3362711153805008,0.1004292265092337,-0.41327679325944255,-1.0,1.0,-0.2761208880483803,0.6534030099273905
0.05724147231229637,-0.8564498275491274,-1.0,-1.0,-1.0,-0.6510038099810235,3.6862273984335983
-0.8181483708362975,0.1727934533665444,0.009027844160283266,-0.8836862885450559,1.0,1.0,8.160088955677754
0.11762315659993716,1.0,1.0,0.8314568660824848,-0.6058353144954269,-1.0,1.3364636187109633
1.0,0.13608050913672964,-0.7512975282657348,0.23520512056302523,0.6090210951519974,1.0,1.2394261528101083
0.031289556712326805,0.08796125997106352,0.09370341959685458,0.6029648424053391,0.054583262249006406,0.550817304999731,0.49849671342176205
0.029249554345853888,0.8357683772782968,0.7377148721567981,0.19179772806947404,-1.0,-1.0,-0.3593936456700182
0.31690147420534,-1.0,-0.49655712516470696,-1.0,1.0,1.0,-1.6581952837742788
-0.36578618134668717,-1.0,0.8859671261173703,0.434413378435682,1.0,1.0,2.0517553797460346
0.34209724028484345,1.0,0.9487159333021482,0.4500249400160006,0.39845149052823703,0.63641698970122,-3.5060566343227766
1.0,-0.288337870378062,0.7888590227627799,0.998156503911331,-0.14738115086718395,1.0,0.6987500753369218
-0.41753084455493206,-0.06413525164504119,0.7040813484807569,-0.7775203708958566,1.0,-0.45422427633154977,2.5949531470193623
-0.301303174186628,0.1252420145905091,-0.46114802398119437,0.0055889161479429905,-0.7157800149779883,-0.08210698290663843,-0.6038549090191223
0.03459399842871602,0.9107691148455124,-0.03907027985043887,1.0,-1.0,-0.41550969438887786,2.504390873219453
-0.9523891810068983,-0.7071634056354446,-1.0,-1.0,1.0,0.35245056497999006,-3.7100284441765776
-0.5813317993927876,-1.0,-0.09325022301170548,-0.21781805222672435,0.15954637213192185,-0.09280213267357396,0.16523040100836767
-0.1769907291470244,-1.0,-0.7541489051304988,0.3898834775024139,0.8311253545106941,0.3003748213743787,-0.9859337147042769
0.19060729934770365,1.0,-0.4683876957355272,1.0,0.7563629156064996,0.34032871835989464,0.5510136847784085
1.0,-0.20854069412133813,-0.6580236087254819,0.2487199597066601,-0.443161925746074,0.03996718738827443,1.6715783597580534
-1.0,-0.8562661104558911,-0.7007031783104489,0.14202589640763819,0.8114366037936558,-0.08182123039723685,-0.4209771095492695
1.0,1.0,0.1089544348064253,0.7767201935581016,0.10004140836915631,-0.441264367145206,2.254341516025753
-0.633291811379127,-1.0,0.6734815963003642,0.4140765195864054,1.0,0.0021929626707315464,1.9645868327659606
-0.7227696108197952,-0.4746145294839268,-1.0,-1.0,-0.39345617391399146,-1.0,4.031533598532362
0.137675098529089,-0.9389823046352103,0.1042702423462406,0.5965821395013532,0.13024298356811442,0.9477823945716157,1.705437372309035
0.03347590960332242,-0.7287811696619122,-0.0018676532868114881,-0.9255783707090912,-1.0,-0.21214033635435411,4.965161491282277
-0.768200812096971,0.4124581297588095,1.0,-0.39761257363886904,0.04951405726992797,-0.06549464275256991,-0.07807179138104947
-1.0,-0.8783304491011639,-1.0,-1.0,-0.5937237443719398,1.0,1.7117216358616272
-0.13493598400867757,-0.7994607175962711,-0.2976207856380932,0.34410891521244374,0.076250731548138,0.2957457667993919,0.9678821909486534
0.3562159657256616,0.982966030652984,1.0,1.0,-0.9362670479916977,1.0,-2.357922191680553
0.10448263144836856,-1.0,0.6685623957878194,0.6395800764452998,-0.18077595777828342,-0.1960022055259636,1.8396163688247182
-1.0,-1.0,-1.0,-0.41949440960711426,1.0,0.004933150218044302,-4.983668304493355
-0.35026435058866623,-1.0,-0.5838341828961804,-1.0,1.0,-0.14495681820185305,-0.9934986470241683
-0.32406932542710376,-0.012674619261762832,-1.0,-0.017871709626518295,-1.0,-0.9427914232750426,-0.06712913419116628
-0.299824699790128,1.0,0.47263981435126823,-0.8805600418477431,0.32052922440124215,0.05999551698527961,-1.6518123928948796
-1.0,-0.356060851206787,-0.3633760355462967,-1.0,-0.49673447238324875,0.19710848555609078,-0.4920933587271581
-0.20212249033867075,-1.0,1.0,0.002164974034612785,0.4894391962373925,1.0,-0.06930630936787241
0.868649587348375,0.08905979034427343,-0.39370299123149555,0.15751203975661335,-0.6308884712291865,0.5475100674260599,2.3079020072395124
1.0,1.0,1.0,0.7698767825595941,1.0,0.5205897946641689,-9.467612740371347
0.9673003471210813,-0.4521901744855479,0.3662399693719947,-0.7168780324225987,-0.7030581950315973,0.09710825660517963,3.4388538523014427
-0.35660549913203227,-0.013959848312296463,-0.2179924728195059,0.6910122369443512,0.4453293698399676,-1.0,1.7564408835241885
-0.7342778878896946,0.11250257822076207,-0.6499247714674925,-0.5758719476326817,1.0,0.846121520491923,5.286074780135233
-0.5524609517731274,0.0938518419102422,-0.47726965306795455,0.9107001149880336,1.0,0.12015945477250112,0.6261460895401776
0.3281476207580176,0.3383709893928049,0.5523989293967823,1.0,-1.0,0.0311228509073819,0.7071052338588777
-1.0,-0.3898899667031394,0.8557206672607979,0.8038106913345195,-1.0,-0.7840969815140343,-1.2553992556200846
1.0,1.0,1.0,0.8465478500055998,0.39597763109240103,0.9280792011204707,-6.445537249287272
-0.5302242892955825,-1.0,1.0,-0.7436470893972439,0.8333248388307319,-0.19532876814885575,2.356818580645241
0.7351371442966761,1.0,1.0,0.17266901242333432,-0.14242749936873933,-1.0,-0.060640465074819294
-0.9698688872959131,-0.5738621993585431,-1.0,-0.6694507219622715,1.0,1.0,6.764658051563256
-0.31429602914449795,-0.05925097190484374,0.3704896523208817,-0.47065839600680837,0.5301436006751198,0.20816852763207883,-0.15966882257760423
0.06001150403699618,0.5058333796706822,0.3617440452832712,0.36625749200256474,0.6875899549693489,0.04784422508065822,1.0764263504603053
1.0,-0.14012149507227392,-0.06646701151877221,-0.2217296274782781,0.5901506626855614,-0.4327104101597148,-1.606531399366947
-1.0,0.4344971571920369,-0.7212101549310732,0.12162508557604162,0.46218569193183456,-0.4125519216414261,1.521833742496271
0.4615290059082708,0.9180707753775723,1.0,0.31526891297971926,0.28149677342788304,-0.007890357915560475,-2.7896355017121506
1.0,0.6076353592651269,-0.8622014857916432,-1.0,1.0,0.671235768335627,0.3913776100514571
-0.21757825910890952,-0.2676999038732124,-1.0,-1.0,1.0,1.0,6.596593111622664
0.18157313646573606,0.5313507989654785,-0.24386980855384677,0.2882274465138071,-0.02708964201449443,1.0,3.189026770368564
1.0,1.0,1.0,-0.2746518290831944,0.841643428667354,0.5119684399381157,-5.641498234990841
-0.05783875185592535,-0.7547539098531098,-1.0,-1.0,-0.6693702172368174,-0.47966225930893824,1.1218159560047796
-0.15134064379478307,0.34075350559887646,0.7237802277124652,0.016270064642748494,0.6818271403423968,1.0,1.6815515720523388
0.31751248708218127,0.9733385885268859,1.0,-0.4757129775907258,-0.3437255530554759,-0.49604315619567374,-2.35191336745378
-0.6755505199287717,-0.17578667797599246,-1.0,-1.0,1.0,1.0,7.814208862545911
-0.9931684541310933,-0.6950791739259912,-1.0,-0.9696249206802894,-0.6113769989528622,0.30518669468761184,-3.3364659239635426
-0.031894269507077355,-0.7300315718108958,-0.30203941906093357,0.7113021343426379,-0.3634277927128816,-0.21822795974659426,0.3444571833554021
1.0,0.5725356638953047,-0.17799576051552235,1.0,0.28513501043133704,1.0,1.572805781879439
-0.9386485382669837,-0.01064570080163954,-0.9016548143758032,-0.62656435840041,-1.0,-0.9786360022465227,0.6284294531810122
-1.0,-1.0,-1.0,-0.6048497717503203,-0.24955466627039724,-1.0,3.7657207349072133
0.8886999158809321,0.7170983361463779,0.8563665130978344,1.0,-0.25735059187332515,0.19824676576677333,-0.5360956292195392
-0.290938349541464,-1.0,-0.9703577475314734,0.6397101419388193,-1.0,0.7285206918450058,0.4521032678985363
-0.08259480324232893,0.11785523501247963,1.0,-0.1016908778822698,1.0,0.38160561797707837,-1.612838431007275
-0.13832200264401373,0.37916861999195456,-0.1313053165043352,-1.0,-1.0,-1.0,0.96722371110276
1.0,1.0,-0.20658365491792507,1.0,0.26745718298213134,0.23470539702696783,0.7219102724895845
-0.4917710958924095,-1.0,-1.0,-0.8984695020234108,0.2955993103928889,0.4533364661923805,-5.584120709076988
-0.3071821589400705,-0.7086271307290894,-1.0,-1.0,0.9239567445824639,1.0,3.714105663532599
-1.0,-0.02157692762284047,-1.0,-0.07055429825174431,0.1827297046612867,0.5193874942450887,1.109095395377666
-0.48899546612164047,-0.9296496961745164,0.43877949161177665,-1.0,-0.9805235632227212,-0.12848787512254872,5.014276343873887
0.07994750860537647,1.0,0.5604469468935429,0.2294689109170338,-1.0,-0.3222979682901073,-0.13258466877792707
-0.8594994532801026,-1.0,-0.5241981575192953,-1.0,0.8486439681290492,1.0,-0.44087510574403443
1.0,0.8938037713935096,-0.36716763736879643,0.24908496674094227,-0.11791381386323974,1.0,4.314063131364364
-1.0,-0.3218143753607192,-0.4787347121431871,-0.3868793319138155,-0.2001095846572578,-0.6165416455908415,0.9996356283748693
0.3927373677116044,1.0,1.0,-0.20565217210217268,1.0,0.33773753739729817,-2.8347488165819894
-0.9899805391982263,-0.4031244813730638,-0.7112990905833463,-1.0,-0.7134604433148319,1.0,2.4403086311669497
-0.8389837430155003,-0.34953074294856923,0.377795344419372,0.29339337795245535,-1.0,-0.049748062862709386,-2.3322147438358436
0.31682162391460794,-0.2583519172268951,-0.4094911954230936,-0.44618475719921036,1.0,0.21683902760327745,-0.7841336632835794
0.5364952970391696,-0.4493121132437206,0.40788203854967264,-0.8215614935118158,-0.4068557818066296,-0.6292312106036582,3.9251379718669273
0.8310049386666944,0.511745655683161,0.07575753032808835,0.3675641702757473,0.9607400756001683,0.6075027250945138,-1.956921154889185
-0.12769362404202814,-0.8703346621698396,0.38819703909437253,0.33771745922643004,-0.15112749558865102,1.0,2.2269723012653193
-0.4904352612788173,-1.0,-1.0,-0.13963971334446112,-0.49620527397095604,1.0,2.7507523102524547
0.11176234359248038,-0.024085472474343395,1.0,0.55905831923121,1.0,0.08457183152182135,-0.7254014965855575
0.6436780301793645,1.0,1.0,0.47069782039095265,-0.04623807987758344,0.8097865366920459,-3.3257844261789042
0.7115519824356481,0.019191789517875812,-0.6672685464227617,1.0,-0.6152099392070558,-0.19488245912003532,0.639681700147399
0.5195184411624268,0.16148064081090685,1.0,0.9311171891859681,-0.16275428333264097,-0.5237372032733897,1.1152682637860578
-1.0,-1.0,-0.8469983274817116,-0.5255816672071101,-1.0,-1.0,1.891144716937983
1.0,0.8430756737797469,0.3972466561422848,1.0,-0.8567646623566374,-0.18050962843939344,4.789792823666305
